record_id,tSNE_1,tSNE_2,Overpotential(V)
R0001,225.01164,-175.11292,1.3
R0002,13.489754,180.65926,1.5
R0003,76.65974,-190.70612,1.27
R0004,-86.982376,103.928894,1.1
R0005,-299.3223,-64.05153,1.4
R0006,42.36315,198.59848,1.24
R0007,69.4778,-94.52279,1.35
R0008,26.471064,-68.90987,1.25
R0009,281.87057,-67.589966,1.0
R0010,-256.5023,-2.4548612,1.35
R0011,-282.49072,-6.1003222,1.4
R0012,127.77645,-60.726074,0.97
R0013,90.397934,-251.40999,1.25
R0014,-130.95506,6.7947335,0.98
R0015,50.284554,-228.81558,1.25
R0016,127.77645,-60.726074,1.012
R0017,127.77645,-60.726074,0.82
R0018,-6.619135,-118.56194,1.35
R0019,-233.47917,-74.25913,1.4
R0020,176.79329,-99.46102,0.95
R0021,236.37842,-202.01558,1.4
R0022,236.37842,-202.01558,1.3
R0023,-62.484756,80.73516,1.15
R0024,-63.19217,45.4094,1.2
R0025,-62.484756,80.73516,1.15
R0026,-26.756464,138.47623,1.2
R0027,103.50947,145.79826,1.5
R0028,99.44543,29.10703,1.05
R0029,-176.79419,128.2049,1.3
R0030,245.46219,59.95631,1.05
R0031,112.01222,200.36092,1.15
R0032,109.65371,178.20572,1.2
R0033,-58.713448,-119.32416,1.35
R0034,-240.38994,-106.35879,1.45
R0035,179.57478,-60.161144,1.15
R0036,70.81658,210.97076,1.21
R0037,108.78954,-135.07256,1.0
R0038,148.05598,-18.28321,0.84
R0039,-58.713448,-119.32416,1.3
R0040,127.77645,-60.726074,0.9
R0041,70.81658,210.97076,1.15
R0042,-233.47917,-74.25913,1.4
R0043,-196.07329,-35.97205,1.25
R0044,-58.713448,-119.32416,1.35
R0045,123.41629,-140.22583,1.1
R0046,236.37842,-202.01558,1.3
R0047,289.5978,-97.469284,1.0
R0048,289.5978,-97.469284,1.0
R0049,306.10336,-114.65933,0.92
R0050,-163.7679,229.01552,1.33
R0051,235.75217,29.715927,1.21
R0052,205.46631,-44.376675,1.1
R0053,25.842497,-28.049349,1.1
R0054,205.46631,-44.376675,1.1
R0055,205.46631,-44.376675,1.15
R0056,64.87954,177.22424,1.29
R0057,176.79329,-99.46102,1.08
R0058,179.40121,12.314731,0.99
R0059,-197.41911,178.42888,1.11
R0060,208.52704,16.59805,1.0
R0061,1.4242878,138.68842,1.15
R0062,127.77645,-60.726074,1.04
R0063,-238.7301,161.3242,1.1
R0064,-197.41911,178.42888,1.11
R0065,306.3019,-138.40599,1.0
R0066,-205.87752,64.0588,1.11
R0067,-74.00715,161.5342,1.2
R0068,296.27014,-53.518166,1.03
R0069,-30.884281,-106.447914,1.38
R0070,127.77645,-60.726074,1.06
R0071,-300.1724,-39.576576,1.34
R0072,-265.23212,-36.261517,1.4
R0073,-163.7679,229.01552,1.3
R0074,-176.79419,128.2049,1.25
R0075,-197.41911,178.42888,1.18
R0076,188.32095,48.14929,0.98
R0077,-241.59485,134.74315,1.04
R0078,-19.94375,-84.227356,1.29
R0079,236.37842,-202.01558,1.41
R0080,265.11316,-163.22937,1.01
R0081,-36.063606,37.838173,1.2
R0082,-31.577156,81.42977,1.25
R0083,-14.6123085,62.480446,1.25
R0084,64.87954,177.22424,1.17
R0085,-218.09184,143.11896,1.05
R0086,-265.23212,-36.261517,1.35
R0087,-265.23212,-36.261517,1.5
R0088,-265.23212,-36.261517,1.4
R0089,-143.67706,209.94753,1.28
R0090,-97.77354,162.68285,1.22
R0091,-42.928684,201.90796,1.23
R0092,-189.40244,240.25859,1.32
R0093,306.6921,-70.65716,1.09
R0094,-62.484756,80.73516,1.05
R0095,-130.95506,6.7947335,0.98
R0096,206.24228,-120.52902,0.95
R0097,64.87954,177.22424,1.2
R0098,64.87954,177.22424,1.25
R0099,-30.884281,-106.447914,1.38
R0100,70.81658,210.97076,1.15
R0101,70.81658,210.97076,1.15
R0102,-62.484756,80.73516,1.2
R0103,-27.033875,184.21935,1.2
R0104,179.57478,-60.161144,1.15
R0105,-12.899723,163.03365,1.1
R0106,205.46631,-44.376675,1.08
R0107,203.94151,-199.36761,1.2
R0108,-85.47813,141.09586,1.17
R0109,-203.98131,-59.33972,1.25
R0110,53.15946,-20.22477,1.2
R0111,-207.71854,221.45341,1.25
R0112,213.33202,-80.71304,1.12
R0113,127.77645,-60.726074,0.85
R0114,-41.437122,60.30903,1.1
R0115,-82.71741,184.43677,1.14
R0116,19.723988,-199.9014,1.23
R0117,-226.48743,-19.226513,1.18
R0118,-276.91476,-68.27293,1.42
R0119,-197.41911,178.42888,0.98
R0120,76.65974,-190.70612,1.3
R0121,-265.08072,-96.90237,1.4
R0122,-233.47917,-74.25913,1.5
R0123,-38.642094,162.6005,1.1
R0124,-52.281536,144.78441,1.15
R0125,179.57478,-60.161144,1.08
R0126,208.52704,16.59805,1.04
R0127,32.83335,-87.0991,1.25
R0128,-6.619135,-118.56194,1.25
R0129,-32.740097,-137.19756,1.39
R0130,-32.740097,-137.19756,1.45
R0131,-130.95506,6.7947335,1.0
R0132,213.33202,-80.71304,1.15
R0133,187.75243,-137.94498,1.25
R0134,-197.41911,178.42888,1.04
R0135,-190.40479,-79.313126,1.25
R0136,-155.62836,-167.30298,1.3
R0137,-176.79419,128.2049,1.2
R0138,35.17153,226.97063,1.3
R0139,-12.899723,163.03365,1.2
R0140,127.77645,-60.726074,0.8
R0141,127.77645,-60.726074,0.83
R0142,148.05598,-18.28321,0.96
R0143,-52.333088,179.17062,1.18
R0144,-155.62836,-167.30298,1.41
R0145,99.44543,29.10703,1.1
R0146,-10.625266,93.12771,1.1
R0147,176.79329,-99.46102,0.89
R0148,148.05598,-18.28321,0.998
R0149,127.77645,-60.726074,0.94
R0150,-197.41911,178.42888,1.15
R0151,28.524311,-218.13809,1.18
R0152,-196.07329,-35.97205,1.25
R0153,-176.79419,128.2049,1.25
R0154,-26.756464,138.47623,1.24
R0155,-155.62836,-167.30298,1.36
R0156,97.13701,-214.5933,1.3
R0157,76.65974,-190.70612,1.35
R0158,78.47495,-224.40352,1.3
R0159,68.72731,-8.225233,0.86
R0160,127.77645,-60.726074,0.77
R0161,-155.62836,-167.30298,1.29
R0162,-85.58219,56.80289,1.1
R0163,-155.62836,-167.30298,1.4
R0164,-239.98569,187.3715,1.08
R0165,-238.7301,161.3242,1.1
R0166,-38.11684,103.71525,1.2
R0167,-163.74628,197.49559,1.3
R0168,176.79329,-99.46102,1.01
R0169,0.47984633,203.574,1.4
R0170,-51.00901,-88.374016,1.4
R0171,236.37842,-202.01558,1.28
R0172,236.37842,-202.01558,1.3
R0173,148.05598,-18.28321,0.94
R0174,64.87954,177.22424,1.25
R0175,164.90877,33.258682,0.95
R0176,-197.41911,178.42888,1.0
R0177,-184.18071,213.59149,1.35
R0178,163.4116,-141.60037,1.25
R0179,-96.83076,80.29928,1.1
R0180,105.30486,-237.26013,1.3
R0181,-265.23212,-36.261517,1.45
R0182,44.938507,-199.73778,1.25
R0183,-240.38994,-106.35879,1.4
R0184,-240.38994,-106.35879,1.45
R0185,248.83234,-22.688272,1.2
R0186,0.47984633,203.574,1.4
R0187,-265.23212,-36.261517,1.38
R0188,69.4778,-94.52279,1.2
R0189,-176.79419,128.2049,1.3
R0190,-177.41162,-56.39014,1.3
R0191,-177.41162,-56.39014,1.25
R0192,108.98261,-183.66203,1.25
R0193,164.90877,33.258682,0.95
R0194,64.50615,-63.5648,1.22
R0195,64.50615,-63.5648,1.32
R0196,127.77645,-60.726074,0.84
R0197,-62.124943,111.39994,1.11
R0198,221.0099,46.505623,1.05
R0199,-155.04518,147.78876,1.17
R0200,-215.39565,85.07854,1.12
