DOI,data_source,Compounds(M1-M2-N),Original_Compounds,Current_density(mA/g),Limited_specific_capacity(mAh/g),Current_density(mA/g).1,Limited_specific_capacity(mAh/g).1,Overpotential(V),Atomic_Weight_of_M1,Atomic_Weight_of_M2,Atomic_Weight_of_N,Covalent_Radius_of_M1,Covalent_Radius_of_M2,Covalent_Radius_of_N,VanDer_Waals_Radius_of_M1,VanDer_Waals_Radius_of_M2,VanDer_Waals_Radius_of_N,Atomic_Volume_of_M1,Atomic_Volume_of_M2,Atomic_Volume_of_N,Electron_Affinity_of_M1,Electron_Affinity_of_M2,Electron_Affinity_of_N,d-electron_number_of_M1,d-electron_number_of_M2,p-electron_number_of_N,Difference_in_the_d-electron_number_of_M1_and_M2,Average_d-electron_number_of_M1_and_M2,Number_of_valence_electrons_of_M1,Number_of_valence_electrons_of_M2,Number_of_valence_electrons_of_N,Difference_in_the_valence-electron_number_of_M1_and_M2,Average_valence-electron_number_of_M1_and_M2,First_ionization_energy_of_M1,First_ionization_energy_of_M2,First_ionization_energy_of_N,Difference_in_the_First_ionization_energy_of_metals,Electrical_Conductivity_of_M1,Electrical_Conductivity_of_M2,Thermal_Conductivity_of_M1,Thermal_Conductivity_of_M2,Pauling_electronegativity_of_M1,Pauling_electronegativity_of_M2,Pauling_electronegativity_of_N,Difference_in_the_electronegativity_of_M1_and_M2,Average_electronegativity_of_M1_and_M2,Average_electronegativity_of_M1_and_N,Average_electronegativity_of_M2_and_N,Average_electronegativity_of_active_site_(M1-M2-N),Correction_of_d_electron_number_of_M1_with_electronegativity_of_M2,Correction_of_d_electron_number_of_M1_with_electronegativity_of_N,Correction_of_d_electron_number_of_M1_with_average_Electronegativity_of_M2_and_N,Correction_of_d_electron_number_of_M1_with_sum_atomic_radius_of_M1_and_M2,d-band_center_of_M1,d-band_center_of_M2,Cycling_performance
https://doi.org/10.1016/j.electacta.2020.137645,8,Fe-Ce-O,Fe?O?/CeO?@CC,340,500,340,500,1.3,55.845,140.12,15.999,115,165,73,194,235,152,7.11,20.6,14,15,50,141,6,1,4,5,3.5,8,4,6,4,6,762.5,534.4,1313.9,228.1,10000000,1140000,80.4,11.3,1.83,1.12,3.44,0.71,1.475,2.635,2.28,2.13,6.72,20.64,13.68,1680,-1.45,none,94
https://doi.org/10.1016/j.electacta.2020.137645,8,Fe-**-O,Fe?O?@CC,340,500,340,500,1.5,55.845,none,15.999,115,none,73,194,none,152,7.11,none,14,15,none,141,6,none,4,none,none,8,none,6,none,none,762.5,none,1313.9,none,10000000,none,80.4,none,1.83,none,3.44,none,none,2.635,none,none,none,20.64,none,none,-1.45,none,64
https://doi.org/10.1016/j.apcatb.2019.118283,16,Co-Ni-S,NiCo?S?/S-3DPG,150,1000,150,1000,1.27,58.933,58.693,32.06,116,115,102,192,163,180,6.71,6.59,15.5,63,112,200.4,7,8,4,-1,7.5,9,10,6,-1,9.5,760.4,737.1,999.6,23.3,17200000,14400000,100,91.4,1.88,1.91,2.58,-0.03,1.895,2.23,2.245,2.123333333,13.37,18.06,15.715,1890,-1.3,-1.4,101
https://doi.org/10.1016/j.ssi.2021.115773,18,Ru-**-O,RuO?/C,200,500,200,500,1.1,101.07,none,15.999,126,none,73,207,none,152,8.3,none,14,101.3,none,141,7,none,4,none,none,8,none,6,none,none,710.2,none,1313.9,none,13700000,none,117,none,2.2,none,3.44,none,none,2.82,none,none,none,24.08,none,none,-1.2,none,36
https://doi.org/10.1016/j.ssi.2021.115773,18,Ni-**-P,Ni??P?/C,200,500,200,500,1.4,58.693,none,30.974,115,none,107,163,none,180,6.59,none,17,112,none,72,8,none,3,none,none,10,none,5,none,none,737.1,none,1011.8,none,14400000,none,91.4,none,1.91,none,2.19,none,none,2.05,none,none,none,17.52,none,none,-1.4,none,28
https://doi.org/10.1016/j.jpowsour.2021.230374,32,Mn-**-O,α-MnO?,200,1000,200,1000,1.24,54.938,none,15.999,139,none,73,197,none,152,7.39,none,14,50,none,141,5,none,4,none,none,7,none,6,none,none,717.3,none,1313.9,none,695000,none,7.81,none,1.55,none,3.44,none,none,2.495,none,none,none,17.2,none,none,-1.6,none,32
https://doi.org/10.1016/j.jallcom.2019.152736,34,Mn-Co-O,MnCo?O?@CC,340,500,340,500,1.35,54.938,58.933,15.999,139,116,73,197,192,152,7.39,6.71,14,50,63,141,5,7,4,-2,6,7,9,6,-2,8,717.3,760.4,1313.9,-43.1,695000,17200000,7.81,100,1.55,1.88,3.44,-0.33,1.715,2.495,2.66,2.29,9.4,17.2,13.3,1275,-1.6,-1.3,108
https://doi.org/10.1016/j.jallcom.2020.153803,36,Ti-Ni-O,NiO/Ti?C?,500,500,500,500,1.25,47.867,58.693,15.999,136,115,73,187,163,152,10.64,6.59,14,7.6,112,141,2,8,4,-6,5,4,10,6,-6,7,658.8,737.1,1313.9,-78.3,2340000,14400000,21.9,91.4,1.54,1.91,3.44,-0.37,1.725,2.49,2.675,2.296666667,3.82,6.88,5.35,502,-2.2,-1.4,45
https://doi.org/10.1016/j.jallcom.2020.158269,40,Se-Fe-O,FeSe,200,1000,200,1000,1,78.971,55.845,15.999,116,115,73,190,194,152,16.4,7.11,14,195,15,141,10,6,4,4,8,6,8,6,-2,7,941,762.5,1313.9,178.5,1.00E-06,10000000,0.519,80.4,2.55,1.83,3.44,0.72,2.19,2.995,2.635,2.606666667,18.3,34.4,26.35,2310,none,-1.45,130
https://doi.org/10.1016/j.cej.2020.124294,50,Fe-**-P,p-Fe?P?O? LBs,500,500,500,500,1.35,55.845,none,30.974,115,none,107,194,none,180,7.11,none,17,15,none,72,6,none,3,none,none,8,none,5,none,none,762.5,none,1011.8,none,10000000,none,80.4,none,1.83,none,2.19,none,none,2.01,none,none,none,13.14,none,none,-1.45,none,400
https://doi.org/10.1016/j.cej.2020.124294,50,Fe-**-P,p-Fe?P?O? LBs,500,2000,500,2000,1.4,55.845,none,30.974,115,none,107,194,none,180,7.11,none,17,15,none,72,6,none,3,none,none,8,none,5,none,none,762.5,none,1011.8,none,10000000,none,80.4,none,1.83,none,2.19,none,none,2.01,none,none,none,13.14,none,none,-1.45,none,80
https://doi.org/10.1016/j.cej.2021.128403,53,Co-Ni-O,NiCo?O?@BCNNT,500,1000,100,1000,0.97,58.933,58.693,15.999,116,115,73,192,163,152,6.71,6.59,14,63,112,141,7,8,4,-1,7.5,9,10,6,-1,9.5,760.4,737.1,1313.9,23.3,17200000,14400000,100,91.4,1.88,1.91,3.44,-0.03,1.895,2.66,2.675,2.41,13.37,24.08,18.725,1890,-1.3,-1.4,320
http://dx.doi.org/10.1016/j.jelechem.2020.114124,58,Ni-Fe-P,NiFeP@NC/BC,16.7,83.3,16.7,83.3,1.25,58.693,55.845,30.974,115,115,107,163,194,180,6.59,7.11,17,112,15,72,8,6,3,2,7,10,8,5,2,9,737.1,762.5,1011.8,-25.4,14400000,10000000,91.4,80.4,1.91,1.83,2.19,0.08,1.87,2.05,2.01,1.976666667,14.64,17.52,16.08,1840,-1.4,-1.45,90
https://doi.org/10.1016/j.jechem.2020.07.053,61,Ti-**-C,Ti?C?T?,100,500,100,500,0.98,47.867,none,12.011,136,none,76,187,none,170,10.64,none,5.29,7.6,none,121.8,2,none,0,none,none,4,none,4,none,none,658.8,none,1086.5,none,2340000,none,21.9,none,1.54,none,2.55,none,none,2.045,none,none,none,5.1,none,none,-2.2,none,30
https://doi.org/10.1016/j.flatc.2020.100221,65,Mo-Co-P,CoMoP?@NPC,500,1000,100,1000,1.25,95.95,58.933,30.974,139,116,107,209,192,180,9.38,6.71,17,72,63,72,5,7,3,-2,6,6,9,5,-3,7.5,684.3,760.4,1011.8,-76.1,18700000,17200000,138,100,2.16,1.88,2.19,0.28,2.02,2.175,2.035,2.076666667,9.4,10.95,10.175,1275,-1.6,-1.3,80
https://doi.org/10.1016/j.jallcom.2020.157945,68,Co-Ni-O,Co?O?@NiCo?O?,500,1000,100,1000,1.012,58.933,58.693,15.999,116,115,73,192,163,152,6.71,6.59,14,63,112,141,7,8,4,-1,7.5,9,10,6,-1,9.5,760.4,737.1,1313.9,23.3,17200000,14400000,100,91.4,1.88,1.91,3.44,-0.03,1.895,2.66,2.675,2.41,13.37,24.08,18.725,1890,-1.3,-1.4,280
https://doi.org/10.1016/j.jallcom.2020.154054,70,Co-Ni-O,Ru@NiCo?O?/CTs,500,500,500,500,0.82,58.933,58.693,15.999,116,115,73,192,163,152,6.71,6.59,14,63,112,141,7,8,4,-1,7.5,9,10,6,-1,9.5,760.4,737.1,1313.9,23.3,17200000,14400000,100,91.4,1.88,1.91,3.44,-0.03,1.895,2.66,2.675,2.41,13.37,24.08,18.725,1890,-1.3,-1.4,330
https://doi.org/10.1016/j.jpowsour.2020.228362,71,La-Ni-O,La?.?Ca?.?Fe?.?Ni?.?O?,400,500,400,500,1.35,138.91,58.693,15.999,169,115,73,240,163,152,22.6,6.59,14,48,112,141,1,8,4,-7,4.5,3,10,6,-7,6.5,538.1,737.1,1313.9,-199,1340000,14400000,13.4,91.4,1.1,1.91,3.44,-0.81,1.505,2.27,2.675,2.15,1.91,3.44,2.675,284,none,-1.4,137
https://doi.org/10.1016/j.jallcom.2020.157656,73,Co-**-S,CoS,100,1000,100,1000,1.4,58.933,none,32.06,116,none,102,192,none,180,6.71,none,15.5,63,none,200.4,7,none,4,none,none,9,none,6,none,none,760.4,none,999.6,none,17200000,none,100,none,1.88,none,2.58,none,none,2.23,none,none,none,18.06,none,none,-1.3,none,45
https://doi.org/10.1002/aenm.202100110,82,Co-Fe-O,CoFeCe-O,100,1000,100,1000,0.95,58.933,55.845,15.999,116,115,73,192,194,152,6.71,7.11,14,63,15,141,7,6,4,1,6.5,9,8,6,1,8.5,760.4,762.5,1313.9,-2.1,17200000,10000000,100,80.4,1.88,1.83,3.44,0.05,1.855,2.66,2.635,2.383333333,12.81,24.08,18.445,1890,-1.3,-1.45,150
https://doi.org/10.1002/anie.202110116,88,Fe-La-O,LFCO,200,500,200,500,1.4,55.845,138.91,15.999,115,169,73,194,240,152,7.11,22.6,14,15,48,141,6,1,4,5,3.5,8,3,6,5,5.5,762.5,538.1,1313.9,224.4,10000000,1340000,80.4,13.4,1.83,1.1,3.44,0.73,1.465,2.635,2.27,2.123333333,6.6,20.64,13.62,1704,-1.45,none,55
https://doi.org/10.1002/anie.202110116,88,Fe-La-O,LFCO,200,500,200,500,1.3,55.845,138.91,15.999,115,169,73,194,240,152,7.11,22.6,14,15,48,141,6,1,4,5,3.5,8,3,6,5,5.5,762.5,538.1,1313.9,224.4,10000000,1340000,80.4,13.4,1.83,1.1,3.44,0.73,1.465,2.635,2.27,2.123333333,6.6,20.64,13.62,1704,-1.45,none,103
https://doi.org/10.1021/acs.jpcc.1c05456,91,Ru-**-O,RuO?/GPDC,100,600,100,600,1.15,101.07,none,15.999,126,none,73,207,none,152,8.3,none,14,101.3,none,141,7,none,4,none,none,8,none,6,none,none,710.2,none,1313.9,none,13700000,none,117,none,2.2,none,3.44,none,none,2.82,none,none,none,24.08,none,none,-1.2,none,306
https://doi.org/10.1021/acs.jpcc.1c05456,91,Ru-**-O,RuO?/GPDC,100,600,100,600,1.2,101.07,none,15.999,126,none,73,207,none,152,8.3,none,14,101.3,none,141,7,none,4,none,none,8,none,6,none,none,710.2,none,1313.9,none,13700000,none,117,none,2.2,none,3.44,none,none,2.82,none,none,none,24.08,none,none,-1.2,none,85
https://doi.org/10.1021/acs.jpcc.1c05456,91,Ru-**-O,RuO?/GPDC,100,600,100,600,1.15,101.07,none,15.999,126,none,73,207,none,152,8.3,none,14,101.3,none,141,7,none,4,none,none,8,none,6,none,none,710.2,none,1313.9,none,13700000,none,117,none,2.2,none,3.44,none,none,2.82,none,none,none,24.08,none,none,-1.2,none,169
https://doi.org/10.1039/d0cc05980c,102,Co-**-O,Co?O?/C,200,500,200,500,1.2,58.933,none,15.999,116,none,73,192,none,152,6.71,none,14,63,none,141,7,none,4,none,none,9,none,6,none,none,760.4,none,1313.9,none,17200000,none,100,none,1.88,none,3.44,none,none,2.66,none,none,none,24.08,none,none,-1.3,none,150
https://doi.org/10.1039/d0nr00866d,104,Dy-**-O,Dy-BTC,200,1000,200,1000,1.5,162.5,none,15.999,192,none,73,231,none,152,19.01,none,14,33.9,none,141,0,none,4,none,none,3,none,6,none,none,573,none,1313.9,none,1100000,none,10.7,none,1.22,none,3.44,none,none,2.33,none,none,none,none,none,none,none,none,76
https://doi.org/10.1039/d0ta09195b,113,Co-Cu-O,CuCo?O?/CC,250,500,333.3,500,1.05,58.933,63.55,15.999,116,132,73,192,140,152,6.71,7.11,14,63,118.4,141,7,10,4,-3,8.5,9,11,6,-2,10,760.4,745.5,1313.9,14.9,17200000,59600000,100,401,1.88,1.9,3.44,-0.02,1.89,2.66,2.67,2.406666667,13.3,24.08,18.69,1736,-1.3,-2.67,107
https://doi.org/10.1039/d1ta00538c,118,Ru-**-N,RuNC/3DNG,200,1000,200,1000,1.3,101.07,none,14.007,126,none,75,207,none,155,8.3,none,17.3,101.3,none,-7,7,none,3,none,none,8,none,5,none,none,710.2,none,1402.3,none,13700000,none,117,none,2.2,none,3.04,none,none,2.62,none,none,none,21.28,none,none,-1.2,none,200
https://doi.org/10.1039/d1ta04830a,120,Ir-Co-N,Ir–Co/HP-NC/CNT,500,1000,500,1000,1.05,192.217,58.933,14.007,141,116,75,202,192,155,8.52,6.71,17.3,151,63,-7,7,7,3,0,7,9,9,5,0,9,880,760.4,1402.3,119.6,21300000,17200000,147,100,2.2,1.88,3.04,0.32,2.04,2.62,2.46,2.373333333,13.16,21.28,17.22,1799,-2.5,-1.3,320
https://doi.org/10.1002/ente.201901257,123,Ti-**-O,TiO?,100,500,100,500,1.15,47.867,none,15.999,136,none,73,187,none,152,10.64,none,14,7.6,none,141,2,none,4,none,none,4,none,6,none,none,658.8,none,1313.9,none,2340000,none,21.9,none,1.54,none,3.44,none,none,2.49,none,none,none,6.88,none,none,-2.2,none,75
https://doi.org/10.1002/ente.201901257,123,Ti-**-O,TiO?,200,500,200,500,1.2,47.867,none,15.999,136,none,73,187,none,152,10.64,none,14,7.6,none,141,2,none,4,none,none,4,none,6,none,none,658.8,none,1313.9,none,2340000,none,21.9,none,1.54,none,3.44,none,none,2.49,none,none,none,6.88,none,none,-2.2,none,40
https://dx.doi.org/10.1021/acsaem.0c01691,126,La-Mn-O,La?.?Mn?.?Ni?.?O??δ,400,500,400,500,1.35,138.91,54.938,15.999,169,139,73,240,197,152,22.6,7.39,14,48,50,141,1,5,4,-4,3,3,7,6,-4,5,538.1,717.3,1313.9,-179.2,1340000,695000,13.4,7.81,1.1,1.55,3.44,-0.45,1.325,2.27,2.495,2.03,1.55,3.44,2.495,308,none,-1.6,95
https://dx.doi.org/10.1021/acsnano.9b09646,132,Ni-**-S,NiS?,500,500,500,500,1.45,58.693,none,32.06,115,none,102,163,none,180,6.59,none,15.5,112,none,200.4,8,none,4,none,none,10,none,6,none,none,737.1,none,999.6,none,14400000,none,91.4,none,1.91,none,2.58,none,none,2.245,none,none,none,20.64,none,none,-1.4,none,132
https://dx.doi.org/10.1021/acsami.0c02087,136,Ni-Co-O,FCO NFs,500,500,500,500,1.15,58.693,58.933,15.999,115,116,73,163,192,152,6.59,6.71,14,112,63,141,8,7,4,1,7.5,10,9,6,1,9.5,737.1,760.4,1313.9,-23.3,14400000,17200000,91.4,100,1.91,1.88,3.44,0.03,1.895,2.675,2.66,2.41,15.04,27.52,21.28,1848,-1.4,-1.3,300
https://doi.org/10.1002/er.7342,137,Mn-**-O,α-MnO?/prGO,100,1000,100,1000,1.21,54.938,none,15.999,139,none,73,197,none,152,7.39,none,14,50,none,141,5,none,4,none,none,7,none,6,none,none,717.3,none,1313.9,none,695000,none,7.81,none,1.55,none,3.44,none,none,2.495,none,none,none,17.2,none,none,-1.6,none,68
https://doi.org/10.1002/er.6806,138,Ag-Mn-O,Ag@NixAlyMnzO2,200,500,200,500,1,107.87,54.938,15.999,153,139,73,172,197,152,10.28,7.39,14,125,50,141,10,5,4,5,7.5,11,7,6,4,9,731,717.3,1313.9,13.7,63000000,695000,429,7.81,1.93,1.55,3.44,0.38,1.74,2.685,2.495,2.306666667,15.5,34.4,24.95,2920,-3.5,-1.6,15
https://doi.org/10.1021/acsami.1c08720,150,Co-Ru-O,RuO?-Co?O?,200,500,200,500,0.84,58.933,101.07,15.999,116,126,73,192,207,152,6.71,8.3,14,63,101.3,141,7,7,4,0,7,9,8,6,1,8.5,760.4,710.2,1313.9,50.2,17200000,13700000,100,117,1.88,2.2,3.44,-0.32,2.04,2.66,2.82,2.506666667,15.4,24.08,19.74,1967,-1.3,-1.2,100
https://dx.doi.org/10.1021/acsami.9b21904,151,La-Mn-O,LaMnO3,200,500,200,500,1.3,138.91,54.938,15.999,169,139,73,240,197,152,22.6,7.39,14,48,50,141,1,5,4,-4,3,3,7,6,-4,5,538.1,717.3,1313.9,-179.2,1340000,695000,13.4,7.81,1.1,1.55,3.44,-0.45,1.325,2.27,2.495,2.03,1.55,3.44,2.495,308,none,-1.6,20
https://doi.org/10.1007/s11581-021-04046-5,157,Co-Ni-O,NiO/Co?O?,500,500,500,500,0.9,58.933,58.693,15.999,116,115,73,192,163,152,6.71,6.59,14,63,112,141,7,8,4,-1,7.5,9,10,6,-1,9.5,760.4,737.1,1313.9,23.3,17200000,14400000,100,91.4,1.88,1.91,3.44,-0.03,1.895,2.66,2.675,2.41,13.37,24.08,18.725,1890,-1.3,-1.4,130
https://doi.org/10.1007/s40242-020-0077-3,161,Mn-**-O,α-MnO?-K-Li,200,1000,200,1000,1.15,54.938,none,15.999,139,none,73,197,none,152,7.39,none,14,50,none,141,5,none,4,none,none,7,none,6,none,none,717.3,none,1313.9,none,695000,none,7.81,none,1.55,none,3.44,none,none,2.495,none,none,none,17.2,none,none,-1.6,none,55
https://doi.org/10.1002/smll.202105752,165,Co-**-S,CoS?,200,1000,200,1000,1.4,58.933,none,32.06,116,none,102,192,none,180,6.71,none,15.5,63,none,200.4,7,none,4,none,none,9,none,6,none,none,760.4,none,999.6,none,17200000,none,100,none,1.88,none,2.58,none,none,2.23,none,none,none,18.06,none,none,-1.3,none,82
https://doi.org/10.1002/smll.202105752,165,Mo-**-S,MoS?,200,1000,200,1000,1.25,95.95,none,32.06,139,none,102,209,none,180,9.38,none,15.5,72,none,200.4,5,none,4,none,none,6,none,6,none,none,684.3,none,999.6,none,18700000,none,138,none,2.16,none,2.58,none,none,2.37,none,none,none,12.9,none,none,-1.6,none,47
https://dx.doi.org/10.1021/acscatal.0c02608,168,La-Mn-O,LaMnO?,200,1000,200,1000,1.35,138.91,54.938,15.999,169,139,73,240,197,152,22.6,7.39,14,48,50,141,1,5,4,-4,3,3,7,6,-4,5,538.1,717.3,1313.9,-179.2,1340000,695000,13.4,7.81,1.1,1.55,3.44,-0.45,1.325,2.27,2.495,2.03,1.55,3.44,2.495,308,none,-1.6,60
https://doi.org/10.1021/acsaem.1c01572,171,Ag-Fe-O,Ag@La?.?Sr?.?Fe?.?Mn?.?O?,400,500,400,500,1.1,107.87,55.845,15.999,153,115,73,172,194,152,10.28,7.11,14,125,15,141,10,6,4,4,8,11,8,6,3,9.5,731,762.5,1313.9,-31.5,63000000,10000000,429,80.4,1.93,1.83,3.44,0.1,1.88,2.685,2.635,2.4,18.3,34.4,26.35,2680,-3.5,-1.45,147
https://doi.org/10.1021/acsaem.1c01572,171,Fe-La-O,La?.?Sr?.?Fe?.?Mn?.?O?,400,500,400,500,1.3,55.845,138.91,15.999,115,169,73,194,240,152,7.11,22.6,14,15,48,141,6,1,4,5,3.5,8,3,6,5,5.5,762.5,538.1,1313.9,224.4,10000000,1340000,80.4,13.4,1.83,1.1,3.44,0.73,1.465,2.635,2.27,2.123333333,6.6,20.64,13.62,1704,-1.45,none,64
https://doi.org/10.1002/aenm.202200791,176,Se-Sn-O,SnSe2,600,100,500,600,1,78.971,118.71,15.999,116,141,73,190,217,152,16.4,16.3,14,195,107,141,10,10,4,0,10,6,4,6,2,5,941,708.6,1313.9,232.4,1.00E-06,9170000,0.519,67,2.55,1.96,3.44,0.59,2.255,2.995,2.7,2.65,19.6,34.4,27,2570,none,none,80
https://doi.org/10.1002/aenm.202103910,177,Se-Sn-O,SnSe-120,500,600,500,600,1,78.971,118.71,15.999,116,141,73,190,217,152,16.4,16.3,14,195,107,141,10,10,4,0,10,6,4,6,2,5,941,708.6,1313.9,232.4,1.00E-06,9170000,0.519,67,2.55,1.96,3.44,0.59,2.255,2.995,2.7,2.65,19.6,34.4,27,2570,none,none,106
https://doi.org/10.1016/j.apcatb.2022.121844,181,Te-Bi-O,Bi2Te3,500,600,500,600,0.92,127.6,208.98,15.999,135,148,73,206,207,152,20.5,21.31,14,190.2,91.2,141,10,10,4,0,10,6,5,6,1,5.5,869.3,703,1313.9,166.3,10000,900000,1.97,7.9,2.1,2.02,3.44,0.08,2.06,2.77,2.73,2.52,20.2,34.4,27.3,2830,none,none,188
https://doi.org/10.1002/aenm.202203660,183,Fe-**-N,Fe2-N-C,200,500,400,1000,1.33,55.845,none,14.007,115,none,75,194,none,155,7.11,none,17.3,15,none,-7,6,none,3,none,none,8,none,5,none,none,762.5,none,1402.3,none,10000000,none,80.4,none,1.83,none,3.04,none,none,2.435,none,none,none,18.24,none,none,-1.45,none,56
https://doi.org/10.1016/j.ensm.2023.102874,187,Ru-Fe-N,Ru/Fe-CNCs,200,1000,200,1000,1.21,101.07,55.845,14.007,126,115,75,207,194,155,8.3,7.11,17.3,101.3,15,-7,7,6,3,1,6.5,8,8,5,0,8,710.2,762.5,1402.3,-52.3,13700000,10000000,117,80.4,2.2,1.83,3.04,0.37,2.015,2.62,2.435,2.356666667,12.81,21.28,17.045,1687,-1.2,-1.45,145
https://doi.org/10.1016/j.ensm.2023.102989,188,Ni-Co-O,NCF3（Ni:Co:Fe=21:20:59）,200,200,200,500,1.1,58.693,58.933,15.999,115,116,73,163,192,152,6.59,6.71,14,112,63,141,8,7,4,1,7.5,10,9,6,1,9.5,737.1,760.4,1313.9,-23.3,14400000,17200000,91.4,100,1.91,1.88,3.44,0.03,1.895,2.675,2.66,2.41,15.04,27.52,21.28,1848,-1.4,-1.3,104
https://doi.org/10.1016/j.ensm.2022.07.026,190,Ti-Pt-C,3.0%Pt-Ti3C2,100,500,100,500,1.1,47.867,195.08,12.011,136,136,76,187,175,170,10.64,9.1,5.29,7.6,205.3,121.8,2,9,0,-7,5.5,4,10,4,-6,7,658.8,870.8,1086.5,-212,2340000,94000000,21.9,71.6,1.54,2.28,2.55,-0.74,1.91,2.045,2.415,2.123333333,4.56,5.1,4.83,544,-2.2,-2.2,90
https://doi.org/10.1016/S1872‐2067(23)64409‐2,191,Ni-Co-O,CuCoNiZnAl-T-NaOH,200,500,200,500,1.1,58.693,58.933,15.999,115,116,73,163,192,152,6.59,6.71,14,112,63,141,8,7,4,1,7.5,10,9,6,1,9.5,737.1,760.4,1313.9,-23.3,14400000,17200000,91.4,100,1.91,1.88,3.44,0.03,1.895,2.675,2.66,2.41,15.04,27.52,21.28,1848,-1.4,-1.3,250
https://doi.org/10.1016/S1872‐2067(23)64409‐2,191,Ni-Co-O,CuCoNiZnAl-T,200,500,200,500,1.15,58.693,58.933,15.999,115,116,73,163,192,152,6.59,6.71,14,112,63,141,8,7,4,1,7.5,10,9,6,1,9.5,737.1,760.4,1313.9,-23.3,14400000,17200000,91.4,100,1.91,1.88,3.44,0.03,1.895,2.675,2.66,2.41,15.04,27.52,21.28,1848,-1.4,-1.3,160
https://doi.org/10.1016/j.jallcom.2023.170130,203,Mn-**-O,Mn3O4,200,1000,100,1000,1.29,54.938,none,15.999,139,none,73,197,none,152,7.39,none,14,50,none,141,5,none,4,none,none,7,none,6,none,none,717.3,none,1313.9,none,695000,none,7.81,none,1.55,none,3.44,none,none,2.495,none,none,none,17.2,none,none,-1.6,none,62
https://doi.org/10.1002/smll.202205532,208,Co-Fe-O,Co3O4 / Fe2O3,500,1000,100,1000,1.08,58.933,55.845,15.999,116,115,73,192,194,152,6.71,7.11,14,63,15,141,7,6,4,1,6.5,9,8,6,1,8.5,760.4,762.5,1313.9,-2.1,17200000,10000000,100,80.4,1.88,1.83,3.44,0.05,1.855,2.66,2.635,2.383333333,12.81,24.08,18.445,1890,-1.3,-1.45,280
https://doi.org/10.1016/j.electacta.2023.142096,209,Co-Mo-N,Co-NC@Mo2C,500,1000,500,1000,0.99,58.933,95.95,14.007,116,139,75,192,209,155,6.71,9.38,17.3,63,72,-7,7,5,3,2,6,9,6,5,3,7.5,760.4,684.3,1402.3,76.1,17200000,18700000,100,138,1.88,2.16,3.04,-0.28,2.02,2.46,2.6,2.36,15.12,21.28,18.2,1918,-1.3,-1.6,182
https://doi.org/10.1016/j.electacta.2022.140147,211,Co-**-N,Co3O4/Co@NC,500,1000,100,1000,1.11,58.933,none,14.007,116,none,75,192,none,155,6.71,none,17.3,63,none,-7,7,none,3,none,none,9,none,5,none,none,760.4,none,1402.3,none,17200000,none,100,none,1.88,none,3.04,none,none,2.46,none,none,none,21.28,none,none,-1.3,none,126
https://doi.org/10.1021/acsami.1c22643,214,Co-Fe-N,Co/Fe@NC,250,500,250,1000,1,58.933,55.845,14.007,116,115,75,192,194,155,6.71,7.11,17.3,63,15,-7,7,6,3,1,6.5,9,8,5,1,8.5,760.4,762.5,1402.3,-2.1,17200000,10000000,100,80.4,1.88,1.83,3.04,0.05,1.855,2.46,2.435,2.25,12.81,21.28,17.045,1890,-1.3,-1.45,250
https://doi.org/10.1016/j.jelechem.2022.116810,217,Co-**-O,u-Co?O?,200,500,200,500,1.15,58.933,none,15.999,116,none,73,192,none,152,6.71,none,14,63,none,141,7,none,4,none,none,9,none,6,none,none,760.4,none,1313.9,none,17200000,none,100,none,1.88,none,3.44,none,none,2.66,none,none,none,24.08,none,none,-1.3,none,69
https://doi.org/10.1002/slct.202200870,225,Co-Ni-O,CoNi/NC,500,1000,100,1000,1.04,58.933,58.693,15.999,116,115,73,192,163,152,6.71,6.59,14,63,112,141,7,8,4,-1,7.5,9,10,6,-1,9.5,760.4,737.1,1313.9,23.3,17200000,14400000,100,91.4,1.88,1.91,3.44,-0.03,1.895,2.66,2.675,2.41,13.37,24.08,18.725,1890,-1.3,-1.4,194
https://doi.org/10.1002/slct.202200870,225,Ni-**-N,Ni / NC,500,1000,100,1000,1.1,58.693,none,14.007,115,none,75,163,none,155,6.59,none,17.3,112,none,-7,8,none,3,none,none,10,none,5,none,none,737.1,none,1402.3,none,14400000,none,91.4,none,1.91,none,3.04,none,none,2.475,none,none,none,24.32,none,none,-1.4,none,99
https://doi.org/10.1002/slct.202200870,225,Co-**-N,Co / NC,500,1000,100,1000,1.11,58.933,none,14.007,116,none,75,192,none,155,6.71,none,17.3,63,none,-7,7,none,3,none,none,9,none,5,none,none,760.4,none,1402.3,none,17200000,none,100,none,1.88,none,3.04,none,none,2.46,none,none,none,21.28,none,none,-1.3,none,114
https://doi.org/10.1016/j.cej.2023.146775,227,Bi-In-S,In2S3 @ Bi2S3,100,1000,100,1000,1,208.98,114.82,32.06,148,142,102,207,193,180,21.31,15.76,15.5,91.2,38.9,200.4,10,10,4,0,10,5,3,6,2,4,703,558.3,999.6,144.7,900000,11600000,7.9,81.8,2.02,1.78,2.58,0.24,1.9,2.3,2.18,2.126666667,17.8,25.8,21.8,2900,none,none,100
https://www.pnas.org/lookup/suppl/doi:10.1073/pnas.2301439120/-/DCSupplemental.,228,Pd-**-**,Pd,500,1000,100,1000,1.11,106.42,none,none,138,none,none,163,none,none,8.85,none,none,54,none,none,10,none,none,none,none,10,none,none,none,none,804.4,none,none,none,95000000,none,71.8,none,2.2,none,none,none,none,none,none,none,none,none,none,none,-2,none,105
https://doi.org/10.3390/nano12142386,229,Ni-**-O,NiO/CNT,100,1000,100,1000,1.2,58.693,none,15.999,115,none,73,163,none,152,6.59,none,14,112,none,141,8,none,4,none,none,10,none,6,none,none,737.1,none,1313.9,none,14400000,none,91.4,none,1.91,none,3.44,none,none,2.675,none,none,none,27.52,none,none,-1.4,none,81
https://doi.org/10.1021/acsami.2c19975,230,Se-Co-O,Se3.28%-LaCoO3,100,1000,100,1000,1.03,78.971,58.933,15.999,116,116,73,190,192,152,16.4,6.71,14,195,63,141,10,7,4,3,8.5,6,9,6,-3,7.5,941,760.4,1313.9,180.6,1.00E-06,17200000,0.519,100,2.55,1.88,3.44,0.67,2.215,2.995,2.66,2.623333333,18.8,34.4,26.6,2320,none,-1.3,91
https://doi.org/10.1021/acsami.2c19975,230,La-Co-O,LaCoO3,100,1000,100,1000,1.38,138.91,58.933,15.999,169,116,73,240,192,152,22.6,6.71,14,48,63,141,1,7,4,-6,4,3,9,6,-6,6,538.1,760.4,1313.9,-222.3,1340000,17200000,13.4,100,1.1,1.88,3.44,-0.78,1.49,2.27,2.66,2.14,1.88,3.44,2.66,285,none,-1.3,42
https://doi.org/10.1016/j.cej.2022.136852,236,Co-Ni-O,NiSA-Co3O4/CC,200,1000,300,1500,1.06,58.933,58.693,15.999,116,115,73,192,163,152,6.71,6.59,14,63,112,141,7,8,4,-1,7.5,9,10,6,-1,9.5,760.4,737.1,1313.9,23.3,17200000,14400000,100,91.4,1.88,1.91,3.44,-0.03,1.895,2.66,2.675,2.41,13.37,24.08,18.725,1890,-1.3,-1.4,128
https://doi.org/10.1039/d2ta07061h,237,Ni-**-P,2P-NiO,200,1000,200,1000,1.34,58.693,none,30.974,115,none,107,163,none,180,6.59,none,17,112,none,72,8,none,3,none,none,10,none,5,none,none,737.1,none,1011.8,none,14400000,none,91.4,none,1.91,none,2.19,none,none,2.05,none,none,none,17.52,none,none,-1.4,none,190
https://doi.org/10.1016/j.ijhydene.2023.12.023,241,Co-**-P,CoP@DPA,200,500,200,500,1.4,58.933,none,30.974,116,none,107,192,none,180,6.71,none,17,63,none,72,7,none,3,none,none,9,none,5,none,none,760.4,none,1011.8,none,17200000,none,100,none,1.88,none,2.19,none,none,2.035,none,none,none,15.33,none,none,-1.3,none,205
https://doi.org/10.1016/j.jelechem.2022.116356,247,Fe-**-N,Fe3C/N-doped carbon tubes,100,500,100,500,1.3,55.845,none,14.007,115,none,75,194,none,155,7.11,none,17.3,15,none,-7,6,none,3,none,none,8,none,5,none,none,762.5,none,1402.3,none,10000000,none,80.4,none,1.83,none,3.04,none,none,2.435,none,none,none,18.24,none,none,-1.45,none,130
https://doi.org/10.1002/smll.202204836,248,Ru-**-N,Ru/N–C,300,1000,100,1000,1.25,101.07,none,14.007,126,none,75,207,none,155,8.3,none,17.3,101.3,none,-7,7,none,3,none,none,8,none,5,none,none,710.2,none,1402.3,none,13700000,none,117,none,2.2,none,3.04,none,none,2.62,none,none,none,21.28,none,none,-1.2,none,115
https://doi.org/10.1002/smll.202204836,248,Co-**-N,Co@CoNx–C,300,1000,100,1000,1.18,58.933,none,14.007,116,none,75,192,none,155,6.71,none,17.3,63,none,-7,7,none,3,none,none,9,none,5,none,none,760.4,none,1402.3,none,17200000,none,100,none,1.88,none,3.04,none,none,2.46,none,none,none,21.28,none,none,-1.3,none,165
https://doi.org/10.1002/admi.202102110,252,Co-Ni-N,NiCo@NC,500,1000,500,1000,0.98,58.933,58.693,14.007,116,115,75,192,163,155,6.71,6.59,17.3,63,112,-7,7,8,3,-1,7.5,9,10,5,-1,9.5,760.4,737.1,1402.3,23.3,17200000,14400000,100,91.4,1.88,1.91,3.04,-0.03,1.895,2.46,2.475,2.276666667,13.37,21.28,17.325,1890,-1.3,-1.4,150
https://doi.org/10.1002/admi.202102110,252,Ni-**-N,Ni@NC,500,1000,500,1000,1.04,58.693,none,14.007,115,none,75,163,none,155,6.59,none,17.3,112,none,-7,8,none,3,none,none,10,none,5,none,none,737.1,none,1402.3,none,14400000,none,91.4,none,1.91,none,3.04,none,none,2.475,none,none,none,24.32,none,none,-1.4,none,81
https://doi.org/10.1016/j.cej.2022.137684,259,La-Co-O,LaF3/La0.8Fe0.9Co0.1O3-δ,200,500,200,500,1.29,138.91,58.933,15.999,169,116,73,240,192,152,22.6,6.71,14,48,63,141,1,7,4,-6,4,3,9,6,-6,6,538.1,760.4,1313.9,-222.3,1340000,17200000,13.4,100,1.1,1.88,3.44,-0.78,1.49,2.27,2.66,2.14,1.88,3.44,2.66,285,none,-1.3,157
https://doi.org/10.1016/j.cej.2022.137684,259,Fe-La-O,La0.8Fe0.9Co0.1O3-δ,200,500,200,500,1.41,55.845,138.91,15.999,115,169,73,194,240,152,7.11,22.6,14,15,48,141,6,1,4,5,3.5,8,3,6,5,5.5,762.5,538.1,1313.9,224.4,10000000,1340000,80.4,13.4,1.83,1.1,3.44,0.73,1.465,2.635,2.27,2.123333333,6.6,20.64,13.62,1704,-1.45,none,57
https://doi.org/10.1016/j.est.2023.107329,270,Sn-La-O,C@ LaSrSn2O7 NFs,200,500,200,500,1.01,118.71,138.91,15.999,141,169,73,217,240,152,16.3,22.6,14,107,48,141,10,1,4,9,5.5,4,3,6,1,3.5,708.6,538.1,1313.9,170.5,9170000,1340000,67,13.4,1.96,1.1,3.44,0.86,1.53,2.7,2.27,2.166666667,11,34.4,22.7,3100,none,none,54
https://doi.org/10.1021/acs.jpcc.3c01042,281,Ru-**-O,GMS-Ru-35%,240,600,240,600,1.2,101.07,none,15.999,126,none,73,207,none,152,8.3,none,14,101.3,none,141,7,none,4,none,none,8,none,6,none,none,710.2,none,1313.9,none,13700000,none,117,none,2.2,none,3.44,none,none,2.82,none,none,none,24.08,none,none,-1.2,none,85
https://doi.org/10.1021/acs.jpcc.3c01042,281,Ru-**-O,GMS-Ru-12%,240,600,240,600,1.25,101.07,none,15.999,126,none,73,207,none,152,8.3,none,14,101.3,none,141,7,none,4,none,none,8,none,6,none,none,710.2,none,1313.9,none,13700000,none,117,none,2.2,none,3.44,none,none,2.82,none,none,none,24.08,none,none,-1.2,none,67
https://doi.org/10.1021/acs.jpcc.3c01042,281,Ru-**-O,GMS-Ru-8%,240,600,240,600,1.25,101.07,none,15.999,126,none,73,207,none,152,8.3,none,14,101.3,none,141,7,none,4,none,none,8,none,6,none,none,710.2,none,1313.9,none,13700000,none,117,none,2.2,none,3.44,none,none,2.82,none,none,none,24.08,none,none,-1.2,none,71
https://doi.org/10.1021/acsami.3c01599,283,Mn-**-O,MnOC@CC,200,500,200,500,1.17,54.938,none,15.999,139,none,73,197,none,152,7.39,none,14,50,none,141,5,none,4,none,none,7,none,6,none,none,717.3,none,1313.9,none,695000,none,7.81,none,1.55,none,3.44,none,none,2.495,none,none,none,17.2,none,none,-1.6,none,53
https://doi.org/10.1021/jacs.2c11676,287,Ni-**-N,Ni-HTP,500,1000,200,1000,1.05,58.693,none,14.007,115,none,75,163,none,155,6.59,none,17.3,112,none,-7,8,none,3,none,none,10,none,5,none,none,737.1,none,1402.3,none,14400000,none,91.4,none,1.91,none,3.04,none,none,2.475,none,none,none,24.32,none,none,-1.4,none,150
https://doi.org/10.1016/j.est.2023.109342,288,Co-**-P,CoP@PNCF-700,200,500,200,500,1.35,58.933,none,30.974,116,none,107,192,none,180,6.71,none,17,63,none,72,7,none,3,none,none,9,none,5,none,none,760.4,none,1011.8,none,17200000,none,100,none,1.88,none,2.19,none,none,2.035,none,none,none,15.33,none,none,-1.3,none,187
https://doi.org/10.1016/j.est.2023.109342,288,Co-**-P,CoP@PNCF-600,200,500,200,500,1.5,58.933,none,30.974,116,none,107,192,none,180,6.71,none,17,63,none,72,7,none,3,none,none,9,none,5,none,none,760.4,none,1011.8,none,17200000,none,100,none,1.88,none,2.19,none,none,2.035,none,none,none,15.33,none,none,-1.3,none,106
https://doi.org/10.1016/j.est.2023.109342,288,Co-**-P,CoP@PNCF-800,200,500,200,500,1.4,58.933,none,30.974,116,none,107,192,none,180,6.71,none,17,63,none,72,7,none,3,none,none,9,none,5,none,none,760.4,none,1011.8,none,17200000,none,100,none,1.88,none,2.19,none,none,2.035,none,none,none,15.33,none,none,-1.3,none,121
https://doi.org/10.1016/j.jcis.2022.12.148,290,Fe-**-N,FePc/Py/MWCNTs,100,500,100,500,1.28,55.845,none,14.007,115,none,75,194,none,155,7.11,none,17.3,15,none,-7,6,none,3,none,none,8,none,5,none,none,762.5,none,1402.3,none,10000000,none,80.4,none,1.83,none,3.04,none,none,2.435,none,none,none,18.24,none,none,-1.45,none,51
https://doi.org/10.1016/j.cej.2022.139524,295,Ni-**-O,Ni-MOF,100,1000,100,1500,1.22,58.693,none,15.999,115,none,73,163,none,152,6.59,none,14,112,none,141,8,none,4,none,none,10,none,6,none,none,737.1,none,1313.9,none,14400000,none,91.4,none,1.91,none,3.44,none,none,2.675,none,none,none,27.52,none,none,-1.4,none,201
https://doi.org/10.1039/d1qi01260f,296,Co-**-O,Co3O4-HCNF,100,600,100,600,1.23,58.933,none,15.999,116,none,73,192,none,152,6.71,none,14,63,none,141,7,none,4,none,none,9,none,6,none,none,760.4,none,1313.9,none,17200000,none,100,none,1.88,none,3.44,none,none,2.66,none,none,none,24.08,none,none,-1.3,none,180
https://doi.org/10.1016/j.carbon.2022.04.080,298,Fe-**-N,FeNxCy/CNT,100,700,100,700,1.32,55.845,none,14.007,115,none,75,194,none,155,7.11,none,17.3,15,none,-7,6,none,3,none,none,8,none,5,none,none,762.5,none,1402.3,none,10000000,none,80.4,none,1.83,none,3.04,none,none,2.435,none,none,none,18.24,none,none,-1.45,none,50
https://doi.org/10.1016/j.jallcom.2022.163703,301,Se-Ni-O,NiSe2@NiO,500,1000,500,1000,1.09,78.971,58.693,15.999,116,115,73,190,163,152,16.4,6.59,14,195,112,141,10,8,4,2,9,6,10,6,-4,8,941,737.1,1313.9,203.9,1.00E-06,14400000,0.519,91.4,2.55,1.91,3.44,0.64,2.23,2.995,2.675,2.633333333,19.1,34.4,26.75,2310,none,-1.4,90
https://doi.org/10.1016/j.electacta.2022.140894,304,Ru-**-O,RuO2/N-C@TMES,500,1000,500,1000,1.05,101.07,none,15.999,126,none,73,207,none,152,8.3,none,14,101.3,none,141,7,none,4,none,none,8,none,6,none,none,710.2,none,1313.9,none,13700000,none,117,none,2.2,none,3.44,none,none,2.82,none,none,none,24.08,none,none,-1.2,none,72
https://doi.org/10.1002/smll.202206611,305,Ti-**-C,Ti3C2,200,500,200,500,0.98,47.867,none,12.011,136,none,76,187,none,170,10.64,none,5.29,7.6,none,121.8,2,none,0,none,none,4,none,4,none,none,658.8,none,1086.5,none,2340000,none,21.9,none,1.54,none,2.55,none,none,2.045,none,none,none,5.1,none,none,-2.2,none,152
https://doi.org/10.1002/adsu.202300510,307,Co-Mn-O,MnO2-Co3O4 @ CC,100,1000,100,1000,0.95,58.933,54.938,15.999,116,139,73,192,197,152,6.71,7.39,14,63,50,141,7,5,4,2,6,9,7,6,2,8,760.4,717.3,1313.9,43.1,17200000,695000,100,7.81,1.88,1.55,3.44,0.33,1.715,2.66,2.495,2.29,10.85,24.08,17.465,1918,-1.3,-1.6,50
https://doi.org/10.1002/adsu.202300510,307,Mn-**-O,MnO2@ CC,100,500,100,500,1.2,54.938,none,15.999,139,none,73,197,none,152,7.39,none,14,50,none,141,5,none,4,none,none,7,none,6,none,none,717.3,none,1313.9,none,695000,none,7.81,none,1.55,none,3.44,none,none,2.495,none,none,none,17.2,none,none,-1.6,none,53
https://doi.org/10.1002/adsu.202300510,307,Mn-**-O,MnO2@ CC,100,1000,100,1000,1.25,54.938,none,15.999,139,none,73,197,none,152,7.39,none,14,50,none,141,5,none,4,none,none,7,none,6,none,none,717.3,none,1313.9,none,695000,none,7.81,none,1.55,none,3.44,none,none,2.495,none,none,none,17.2,none,none,-1.6,none,10
https://doi.org/10.1021/acsami.2c19975,311,La-Co-O,LaCoO3,100,1000,100,1000,1.38,138.91,58.933,15.999,169,116,73,240,192,152,22.6,6.71,14,48,63,141,1,7,4,-6,4,3,9,6,-6,6,538.1,760.4,1313.9,-222.3,1340000,17200000,13.4,100,1.1,1.88,3.44,-0.78,1.49,2.27,2.66,2.14,1.88,3.44,2.66,285,none,-1.3,42
https://doi.org/10.1021/acscatal.2c02544,312,Mn-**-O,Mn3O4 NS/G,200,1000,200,1000,1.15,54.938,none,15.999,139,none,73,197,none,152,7.39,none,14,50,none,141,5,none,4,none,none,7,none,6,none,none,717.3,none,1313.9,none,695000,none,7.81,none,1.55,none,3.44,none,none,2.495,none,none,none,17.2,none,none,-1.6,none,63
https://doi.org/10.1021/acscatal.2c02544,312,Mn-**-O,Mn3O4 NS/G,200,1000,200,1000,1.15,54.938,none,15.999,139,none,73,197,none,152,7.39,none,14,50,none,141,5,none,4,none,none,7,none,6,none,none,717.3,none,1313.9,none,695000,none,7.81,none,1.55,none,3.44,none,none,2.495,none,none,none,17.2,none,none,-1.6,none,14
https://www.science.org/doi/10.1126/sciadv.abq6261,316,Ru-**-O,A-Li-RuO2,200,500,200,500,1.2,101.07,none,15.999,126,none,73,207,none,152,8.3,none,14,101.3,none,141,7,none,4,none,none,8,none,6,none,none,710.2,none,1313.9,none,13700000,none,117,none,2.2,none,3.44,none,none,2.82,none,none,none,24.08,none,none,-1.2,none,81
https://doi.org/10.1007/s12274-022-5330-2,317,Co-**-O,Co3O4,200,500,200,500,1.2,58.933,none,15.999,116,none,73,192,none,152,6.71,none,14,63,none,141,7,none,4,none,none,9,none,6,none,none,760.4,none,1313.9,none,17200000,none,100,none,1.88,none,3.44,none,none,2.66,none,none,none,24.08,none,none,-1.3,none,64
https://doi.org/10.1007/s12274-022-5330-2,317,Ni-Co-O,Ni-ZIF-280,200,500,200,500,1.15,58.693,58.933,15.999,115,116,73,163,192,152,6.59,6.71,14,112,63,141,8,7,4,1,7.5,10,9,6,1,9.5,737.1,760.4,1313.9,-23.3,14400000,17200000,91.4,100,1.91,1.88,3.44,0.03,1.895,2.675,2.66,2.41,15.04,27.52,21.28,1848,-1.4,-1.3,90
https://doi.org/10.1007/s12274-022-5330-2,317,Co-**-O,TA-ZIF-280,200,500,200,500,1.1,58.933,none,15.999,116,none,73,192,none,152,6.71,none,14,63,none,141,7,none,4,none,none,9,none,6,none,none,760.4,none,1313.9,none,17200000,none,100,none,1.88,none,3.44,none,none,2.66,none,none,none,24.08,none,none,-1.3,none,90
https://doi.org/10.1007/s12274-022-5330-2,317,Ni-Co-O,Ni-ZIF@Ru_280,200,500,200,500,1.08,58.693,58.933,15.999,115,116,73,163,192,152,6.59,6.71,14,112,63,141,8,7,4,1,7.5,10,9,6,1,9.5,737.1,760.4,1313.9,-23.3,14400000,17200000,91.4,100,1.91,1.88,3.44,0.03,1.895,2.675,2.66,2.41,15.04,27.52,21.28,1848,-1.4,-1.3,220
https://doi.org/10.1016/j.ensm.2023.102829,320,Cr-La-O,La0.8Sr0.2CrO4 NWs,200,1000,200,1000,1.2,51.996,138.91,15.999,135,169,73,189,240,152,7.23,22.6,14,64.3,48,141,5,1,4,4,3,6,3,6,3,4.5,652.9,538.1,1313.9,114.8,7670000,1340000,93.7,13.4,1.66,1.1,3.44,0.56,1.38,2.55,2.27,2.066666667,5.5,17.2,11.35,1520,-1.7,none,80
https://doi.org/10.1016/j.cej.2022.138462,322,Ni-**-O,P-E-GF(NiOx),333,1000,333,1000,1.17,58.693,none,15.999,115,none,73,163,none,152,6.59,none,14,112,none,141,8,none,4,none,none,10,none,6,none,none,737.1,none,1313.9,none,14400000,none,91.4,none,1.91,none,3.44,none,none,2.675,none,none,none,27.52,none,none,-1.4,none,400
https://doi.org/10.1002/smll.202302598,323,Mo-**-S,MoS2,100,1000,100,1000,1.25,95.95,none,32.06,139,none,102,209,none,180,9.38,none,15.5,72,none,200.4,5,none,4,none,none,6,none,6,none,none,684.3,none,999.6,none,18700000,none,138,none,2.16,none,2.58,none,none,2.37,none,none,none,12.9,none,none,-1.6,none,105
https://doi.org/10.1002/adma.202106436,337,Cr-Pd-O,PdRuRh - Cr2O3 - carbon,200,500,200,500,1.2,51.996,106.42,15.999,135,138,73,189,163,152,7.23,8.85,14,64.3,54,141,5,10,4,-5,7.5,6,10,6,-4,8,652.9,804.4,1313.9,-151.5,7670000,95000000,93.7,71.8,1.66,2.2,3.44,-0.54,1.93,2.55,2.82,2.433333333,11,17.2,14.1,1365,-1.7,-2,53
https://doi.org/10.1016/j.apcatb.2022.122203,338,Fe-**-N,N-wdC-MS(Fe3C),100,500,100,500,1.25,55.845,none,14.007,115,none,75,194,none,155,7.11,none,17.3,15,none,-7,6,none,3,none,none,8,none,5,none,none,762.5,none,1402.3,none,10000000,none,80.4,none,1.83,none,3.04,none,none,2.435,none,none,none,18.24,none,none,-1.45,none,162
https://doi.org/10.1021/acsnano.3c05782,342,Ni-Fe-O,NiFe(OH)x,1000,1000,500,500,1.12,58.693,55.845,15.999,115,115,73,163,194,152,6.59,7.11,14,112,15,141,8,6,4,2,7,10,8,6,2,9,737.1,762.5,1313.9,-25.4,14400000,10000000,91.4,80.4,1.91,1.83,3.44,0.08,1.87,2.675,2.635,2.393333333,14.64,27.52,21.08,1840,-1.4,-1.45,275
https://doi.org/10.1039/d2ta03604e,344,Co-Ni-O,N-NiCoO2/CoO/CC,72.5,144.9,72.5,144.9,0.85,58.933,58.693,15.999,116,115,73,192,163,152,6.71,6.59,14,63,112,141,7,8,4,-1,7.5,9,10,6,-1,9.5,760.4,737.1,1313.9,23.3,17200000,14400000,100,91.4,1.88,1.91,3.44,-0.03,1.895,2.66,2.675,2.41,13.37,24.08,18.725,1890,-1.3,-1.4,250
https://doi.org/10.1016/j.compositesb.2022.109727,351,Ru-**-O,CNT-RuO2,107.8,215,107.8,215,1.1,101.07,none,15.999,126,none,73,207,none,152,8.3,none,14,101.3,none,141,7,none,4,none,none,8,none,6,none,none,710.2,none,1313.9,none,13700000,none,117,none,2.2,none,3.44,none,none,2.82,none,none,none,24.08,none,none,-1.2,none,98
https://doi.org/10.1016/j.ensm.2022.05.029,352,Ni-**-O,CNT@ Ni(OH)2,500,500,500,500,1.14,58.693,none,15.999,115,none,73,163,none,152,6.59,none,14,112,none,141,8,none,4,none,none,10,none,6,none,none,737.1,none,1313.9,none,14400000,none,91.4,none,1.91,none,3.44,none,none,2.675,none,none,none,27.52,none,none,-1.4,none,300
https://doi.org/10.1016/j.cej.2023.143351,357,Mo-Mn-S,Mn-MoS2,200,1000,100,1000,1.23,95.95,54.938,32.06,139,139,102,209,197,180,9.38,7.39,15.5,72,50,200.4,5,5,4,0,5,6,7,6,-1,6.5,684.3,717.3,999.6,-33,18700000,695000,138,7.81,2.16,1.55,2.58,0.61,1.855,2.37,2.065,2.096666667,7.75,12.9,10.325,1390,-1.6,-1.6,60
https://doi.org/10.1002/adfm.202209876,358,Mo-**-P,MoO2/MoP/Mo3P?,500,500,100,500,1.18,95.95,none,30.974,139,none,107,209,none,180,9.38,none,17,72,none,72,5,none,3,none,none,6,none,5,none,none,684.3,none,1011.8,none,18700000,none,138,none,2.16,none,2.19,none,none,2.175,none,none,none,10.95,none,none,-1.6,none,95
https://doi.org/10.1002/smll.202106707,361,Ni-**-P,Ni2P,500,1000,800,1000,1.42,58.693,none,30.974,115,none,107,163,none,180,6.59,none,17,112,none,72,8,none,3,none,none,10,none,5,none,none,737.1,none,1011.8,none,14400000,none,91.4,none,1.91,none,2.19,none,none,2.05,none,none,none,17.52,none,none,-1.4,none,190
https://doi.org/10.1021/acsaem.3c02592,365,Co-**-N,CoSA-CN,200,500,200,500,0.98,58.933,none,14.007,116,none,75,192,none,155,6.71,none,17.3,63,none,-7,7,none,3,none,none,9,none,5,none,none,760.4,none,1402.3,none,17200000,none,100,none,1.88,none,3.04,none,none,2.46,none,none,none,21.28,none,none,-1.3,none,120
https://doi.org/10.1002/aenm.202204057,375,Co-Ni-S,NiS2-CoS2@NC,500,1000,500,1000,1.3,58.933,58.693,32.06,116,115,102,192,163,180,6.71,6.59,15.5,63,112,200.4,7,8,4,-1,7.5,9,10,6,-1,9.5,760.4,737.1,999.6,23.3,17200000,14400000,100,91.4,1.88,1.91,2.58,-0.03,1.895,2.23,2.245,2.123333333,13.37,18.06,15.715,1890,-1.3,-1.4,230
https://doi.org/10.1002/aenm.202204057,375,Ni-**-S,NiS2,500,1000,500,1000,1.4,58.693,none,32.06,115,none,102,163,none,180,6.59,none,15.5,112,none,200.4,8,none,4,none,none,10,none,6,none,none,737.1,none,999.6,none,14400000,none,91.4,none,1.91,none,2.58,none,none,2.245,none,none,none,20.64,none,none,-1.4,none,148
https://doi.org/10.1002/aenm.202204057,375,Co-**-S,CoS2,500,500,500,500,1.5,58.933,none,32.06,116,none,102,192,none,180,6.71,none,15.5,63,none,200.4,7,none,4,none,none,9,none,6,none,none,760.4,none,999.6,none,17200000,none,100,none,1.88,none,2.58,none,none,2.23,none,none,none,18.06,none,none,-1.3,none,90
https://doi.org/10.1021/acs.nanolett.3c03025,379,Co-**-O,S-Co3O4,200,500,200,500,1.1,58.933,none,15.999,116,none,73,192,none,152,6.71,none,14,63,none,141,7,none,4,none,none,9,none,6,none,none,760.4,none,1313.9,none,17200000,none,100,none,1.88,none,3.44,none,none,2.66,none,none,none,24.08,none,none,-1.3,none,140
https://doi.org/10.1021/acs.nanolett.3c03025,379,Co-**-O,M-Co3O4,200,500,200,500,1.15,58.933,none,15.999,116,none,73,192,none,152,6.71,none,14,63,none,141,7,none,4,none,none,9,none,6,none,none,760.4,none,1313.9,none,17200000,none,100,none,1.88,none,3.44,none,none,2.66,none,none,none,24.08,none,none,-1.3,none,89
https://sioc-journal.cn/Jwk_hxxb/EN/10.6023/A22050206,381,Ni-Co-O,Li0.30MO,100,800,100,800,1.08,58.693,58.933,15.999,115,116,73,163,192,152,6.59,6.71,14,112,63,141,8,7,4,1,7.5,10,9,6,1,9.5,737.1,760.4,1313.9,-23.3,14400000,17200000,91.4,100,1.91,1.88,3.44,0.03,1.895,2.675,2.66,2.41,15.04,27.52,21.28,1848,-1.4,-1.3,140
https://doi.org/10.1016/j.jcis.2026.140244,382,Co-Fe-N,ZnFe-NC/CoS2,500,1000,100,1000,1.04,58.933,55.845,14.007,116,115,75,192,194,155,6.71,7.11,17.3,63,15,-7,7,6,3,1,6.5,9,8,5,1,8.5,760.4,762.5,1402.3,-2.1,17200000,10000000,100,80.4,1.88,1.83,3.04,0.05,1.855,2.46,2.435,2.25,12.81,21.28,17.045,1890,-1.3,-1.45,325
https://doi.org/10.1016/j.jechem.2026.01.056,383,Ti-Co-O,CoTiO,1000,600,1000,600,1.25,47.867,58.933,15.999,136,116,73,187,192,152,10.64,6.71,14,7.6,63,141,2,7,4,-5,4.5,4,9,6,-5,6.5,658.8,760.4,1313.9,-101.6,2340000,17200000,21.9,100,1.54,1.88,3.44,-0.34,1.71,2.49,2.66,2.286666667,3.76,6.88,5.32,504,-2.2,-1.3,118
https://doi.org/10.1002/smll.202512953,389,La-Ni-O,La0.7EDTA,100,500,100,500,1.25,138.91,58.693,15.999,169,115,73,240,163,152,22.6,6.59,14,48,112,141,1,8,4,-7,4.5,3,10,6,-7,6.5,538.1,737.1,1313.9,-199,1340000,14400000,13.4,91.4,1.1,1.91,3.44,-0.81,1.505,2.27,2.675,2.15,1.91,3.44,2.675,284,none,-1.4,121
https://doi.org/10.1002/smll.202512953,389,La-Fe-O,La0.7,200,250,200,250,1.39,138.91,55.845,15.999,169,115,73,240,194,152,22.6,7.11,14,48,15,141,1,6,4,-5,3.5,3,8,6,-5,5.5,538.1,762.5,1313.9,-224.4,1340000,10000000,13.4,80.4,1.1,1.83,3.44,-0.73,1.465,2.27,2.635,2.123333333,1.83,3.44,2.635,284,none,-1.45,112
https://doi.org/10.1002/smll.202512953,389,La-Fe-O,La1,200,250,200,250,1.45,138.91,55.845,15.999,169,115,73,240,194,152,22.6,7.11,14,48,15,141,1,6,4,-5,3.5,3,8,6,-5,5.5,538.1,762.5,1313.9,-224.4,1340000,10000000,13.4,80.4,1.1,1.83,3.44,-0.73,1.465,2.27,2.635,2.123333333,1.83,3.44,2.635,284,none,-1.45,66
https://doi.org/10.1002/advs.202522315,399,Ti-**-C,Ti3C2Tx-FePc,200,500,200,500,1,47.867,none,12.011,136,none,76,187,none,170,10.64,none,5.29,7.6,none,121.8,2,none,0,none,none,4,none,4,none,none,658.8,none,1086.5,none,2340000,none,21.9,none,1.54,none,2.55,none,none,2.045,none,none,none,5.1,none,none,-2.2,none,124
https://doi.org/10.1016/j.electacta.2025.147671,403,Ni-Fe-O,NiFe-LDH/Ni?.?Fe?.?O?,500,500,500,500,1.15,58.693,55.845,15.999,115,115,73,163,194,152,6.59,7.11,14,112,15,141,8,6,4,2,7,10,8,6,2,9,737.1,762.5,1313.9,-25.4,14400000,10000000,91.4,80.4,1.91,1.83,3.44,0.08,1.87,2.675,2.635,2.393333333,14.64,27.52,21.08,1840,-1.4,-1.45,195
https://doi.org/10.1021/acsaem.5c03033,405,Fe-Mn-O,Fe-MnO2/SWCNT electrode,200,500,200,500,1.25,55.845,54.938,15.999,115,139,73,194,197,152,7.11,7.39,14,15,50,141,6,5,4,1,5.5,8,7,6,1,7.5,762.5,717.3,1313.9,45.2,10000000,695000,80.4,7.81,1.83,1.55,3.44,0.28,1.69,2.635,2.495,2.273333333,9.3,20.64,14.97,1524,-1.45,-1.6,100
https://doi.org/10.1021/acsanm.5c04476,406,Co-**-N,CoNPs-NC,500,500,200,1000,1.04,58.933,none,14.007,116,none,75,192,none,155,6.71,none,17.3,63,none,-7,7,none,3,none,none,9,none,5,none,none,760.4,none,1402.3,none,17200000,none,100,none,1.88,none,3.04,none,none,2.46,none,none,none,21.28,none,none,-1.3,none,126
https://doi.org/10.1021/acsanm.5c04476,406,Mo-**-S,MoS2,500,500,200,1000,1.25,95.95,none,32.06,139,none,102,209,none,180,9.38,none,15.5,72,none,200.4,5,none,4,none,none,6,none,6,none,none,684.3,none,999.6,none,18700000,none,138,none,2.16,none,2.58,none,none,2.37,none,none,none,12.9,none,none,-1.6,none,81
https://doi.org/10.1088/2631-6331/ae1925,408,**-**-C,PCE-Nano (多孔碳),100,500,100,500,1.3,none,none,12.011,none,none,76,none,none,170,none,none,5.29,none,none,121.8,none,none,0,none,none,none,none,4,none,none,none,none,1086.5,none,none,none,none,none,none,none,2.55,none,none,none,none,none,none,none,none,none,none,none,75
https://doi.org/10.1002/anie.202521423,410,Ru-**-N,Ru SACs/rGO,100,1000,100,1000,1.2,101.07,none,14.007,126,none,75,207,none,155,8.3,none,17.3,101.3,none,-7,7,none,3,none,none,8,none,5,none,none,710.2,none,1402.3,none,13700000,none,117,none,2.2,none,3.04,none,none,2.62,none,none,none,21.28,none,none,-1.2,none,40
https://doi.org/10.1080/1536383X.2025.2583369,414,Cr-**-O,p-r-Cr2O3/CNT,200,500,200,500,1.3,51.996,none,15.999,135,none,73,189,none,152,7.23,none,14,64.3,none,141,5,none,4,none,none,6,none,6,none,none,652.9,none,1313.9,none,7670000,none,93.7,none,1.66,none,3.44,none,none,2.55,none,none,none,17.2,none,none,-1.7,none,40
https://doi.org/10.1002/anie.202520097,415,Co-**-O,Co??-doped Li?O? under magnetic field,3300,1000,3300,1000,1.2,58.933,none,15.999,116,none,73,192,none,152,6.71,none,14,63,none,141,7,none,4,none,none,9,none,6,none,none,760.4,none,1313.9,none,17200000,none,100,none,1.88,none,3.44,none,none,2.66,none,none,none,24.08,none,none,-1.3,none,350
https://doi.org/10.1016/j.jcis.2025.139355,416,Co-Ni-O,"Ni, Mn-Co3O4",500,500,500,500,0.8,58.933,58.693,15.999,116,115,73,192,163,152,6.71,6.59,14,63,112,141,7,8,4,-1,7.5,9,10,6,-1,9.5,760.4,737.1,1313.9,23.3,17200000,14400000,100,91.4,1.88,1.91,3.44,-0.03,1.895,2.66,2.675,2.41,13.37,24.08,18.725,1890,-1.3,-1.4,850
https://doi.org/10.1016/j.jcis.2025.139355,416,Co-Ni-O,Ni-Co3O4,500,500,500,500,0.83,58.933,58.693,15.999,116,115,73,192,163,152,6.71,6.59,14,63,112,141,7,8,4,-1,7.5,9,10,6,-1,9.5,760.4,737.1,1313.9,23.3,17200000,14400000,100,91.4,1.88,1.91,3.44,-0.03,1.895,2.66,2.675,2.41,13.37,24.08,18.725,1890,-1.3,-1.4,594
https://doi.org/10.1021/acsnano.5c10218,423,Co-Ru-O,RuCoO?@HCNs,200,500,200,500,0.96,58.933,101.07,15.999,116,126,73,192,207,152,6.71,8.3,14,63,101.3,141,7,7,4,0,7,9,8,6,1,8.5,760.4,710.2,1313.9,50.2,17200000,13700000,100,117,1.88,2.2,3.44,-0.32,2.04,2.66,2.82,2.506666667,15.4,24.08,19.74,1967,-1.3,-1.2,440
https://doi.org/10.1021/acsnano.5c10218,423,Co-**-O,Co?O?@HCNs,200,500,200,500,1.18,58.933,none,15.999,116,none,73,192,none,152,6.71,none,14,63,none,141,7,none,4,none,none,9,none,6,none,none,760.4,none,1313.9,none,17200000,none,100,none,1.88,none,3.44,none,none,2.66,none,none,none,24.08,none,none,-1.3,none,300
https://doi.org/10.1002/aoc.70327,425,**-**-C,N-CNTs,50,300,50,300,1.41,none,none,12.011,none,none,76,none,none,170,none,none,5.29,none,none,121.8,none,none,0,none,none,none,none,4,none,none,none,none,1086.5,none,none,none,none,none,none,none,2.55,none,none,none,none,none,none,none,none,none,none,none,31
https://doi.org/10.1021/acs.langmuir.5c02644,430,Co-Cu-O,Co3O4@CuCo2O4,400,1000,400,1000,1.1,58.933,63.55,15.999,116,132,73,192,140,152,6.71,7.11,14,63,118.4,141,7,10,4,-3,8.5,9,11,6,-2,10,760.4,745.5,1313.9,14.9,17200000,59600000,100,401,1.88,1.9,3.44,-0.02,1.89,2.66,2.67,2.406666667,13.3,24.08,18.69,1736,-1.3,-2.67,146
https://doi.org/10.1016/j.electacta.2025.146925,434,Ru-**-O,C-AB@RuO2-1,200,250,200,250,1.1,101.07,none,15.999,126,none,73,207,none,152,8.3,none,14,101.3,none,141,7,none,4,none,none,8,none,6,none,none,710.2,none,1313.9,none,13700000,none,117,none,2.2,none,3.44,none,none,2.82,none,none,none,24.08,none,none,-1.2,none,212
https://doi.org/10.1016/j.jcis.2025.138454,435,Co-Fe-O,FeCo2O4 nanowires (with magnetic field),100,500,100,500,0.89,58.933,55.845,15.999,116,115,73,192,194,152,6.71,7.11,14,63,15,141,7,6,4,1,6.5,9,8,6,1,8.5,760.4,762.5,1313.9,-2.1,17200000,10000000,100,80.4,1.88,1.83,3.44,0.05,1.855,2.66,2.635,2.383333333,12.81,24.08,18.445,1890,-1.3,-1.45,150
https://doi.org/10.1038/s41598-025-11449-1,436,Co-Ru-O,Co3O4/RuO2,500,1000,500,1000,0.998,58.933,101.07,15.999,116,126,73,192,207,152,6.71,8.3,14,63,101.3,141,7,7,4,0,7,9,8,6,1,8.5,760.4,710.2,1313.9,50.2,17200000,13700000,100,117,1.88,2.2,3.44,-0.32,2.04,2.66,2.82,2.506666667,15.4,24.08,19.74,1967,-1.3,-1.2,387
https://doi.org/10.1002/anie.202509132,437,Co-Ni-O,LB-HEO（Cr、Mn、Co、Ni、Zn、O）,100,1000,100,1000,0.94,58.933,58.693,15.999,116,115,73,192,163,152,6.71,6.59,14,63,112,141,7,8,4,-1,7.5,9,10,6,-1,9.5,760.4,737.1,1313.9,23.3,17200000,14400000,100,91.4,1.88,1.91,3.44,-0.03,1.895,2.66,2.675,2.41,13.37,24.08,18.725,1890,-1.3,-1.4,135
https://doi.org/10.1016/j.jpowsour.2025.237653,441,Co-**-N,3DOH-Co@NC（钴纳米颗粒嵌入氮掺杂碳）,500,1000,500,1000,1.15,58.933,none,14.007,116,none,75,192,none,155,6.71,none,17.3,63,none,-7,7,none,3,none,none,9,none,5,none,none,760.4,none,1402.3,none,17200000,none,100,none,1.88,none,3.04,none,none,2.46,none,none,none,21.28,none,none,-1.3,none,180
https://doi.org/10.1021/acs.iecr.5c01518,442,Mo-Fe-S,C/MoS2-FeS-MoC,500,1000,100,1000,1.18,95.95,55.845,32.06,139,115,102,209,194,180,9.38,7.11,15.5,72,15,200.4,5,6,4,-1,5.5,6,8,6,-2,7,684.3,762.5,999.6,-78.2,18700000,10000000,138,80.4,2.16,1.83,2.58,0.33,1.995,2.37,2.205,2.19,9.15,12.9,11.025,1270,-1.6,-1.45,83
https://doi.org/10.1021/acs.iecr.5c01518,442,Mo-**-S,C/MoS2,500,1000,100,1000,1.25,95.95,none,32.06,139,none,102,209,none,180,9.38,none,15.5,72,none,200.4,5,none,4,none,none,6,none,6,none,none,684.3,none,999.6,none,18700000,none,138,none,2.16,none,2.58,none,none,2.37,none,none,none,12.9,none,none,-1.6,none,14
https://doi.org/10.1016/j.carbon.2025.120482,447,Ru-**-N,RPC@700,200,1000,200,1000,1.25,101.07,none,14.007,126,none,75,207,none,155,8.3,none,17.3,101.3,none,-7,7,none,3,none,none,8,none,5,none,none,710.2,none,1402.3,none,13700000,none,117,none,2.2,none,3.04,none,none,2.62,none,none,none,21.28,none,none,-1.2,none,151
https://doi.org/10.1093/nsr/nwaf145,450,Co-**-O,Co-l-TCNTs（Co、C、O）,400,1000,100,1000,1.24,58.933,none,15.999,116,none,73,192,none,152,6.71,none,14,63,none,141,7,none,4,none,none,9,none,6,none,none,760.4,none,1313.9,none,17200000,none,100,none,1.88,none,3.44,none,none,2.66,none,none,none,24.08,none,none,-1.3,none,80
https://doi.org/10.1016/j.jcis.2025.137782,452,**-**-C,LCMF （C）,100,500,100,500,1.36,none,none,12.011,none,none,76,none,none,170,none,none,5.29,none,none,121.8,none,none,0,none,none,none,none,4,none,none,none,none,1086.5,none,none,none,none,none,none,none,2.55,none,none,none,none,none,none,none,none,none,none,none,26
https://doi.org/10.1016/j.cej.2025.162908,457,Co-Ni-P,P-NiCo2S4（P掺杂）,200,1000,200,1000,1.3,58.933,58.693,30.974,116,115,107,192,163,180,6.71,6.59,17,63,112,72,7,8,3,-1,7.5,9,10,5,-1,9.5,760.4,737.1,1011.8,23.3,17200000,14400000,100,91.4,1.88,1.91,2.19,-0.03,1.895,2.035,2.05,1.993333333,13.37,15.33,14.35,1890,-1.3,-1.4,73
https://doi.org/10.1016/j.cej.2025.162908,457,Co-Ni-S,NiCo2S4,200,1000,200,1000,1.35,58.933,58.693,32.06,116,115,102,192,163,180,6.71,6.59,15.5,63,112,200.4,7,8,4,-1,7.5,9,10,6,-1,9.5,760.4,737.1,999.6,23.3,17200000,14400000,100,91.4,1.88,1.91,2.58,-0.03,1.895,2.23,2.245,2.123333333,13.37,18.06,15.715,1890,-1.3,-1.4,57
https://doi.org/10.1016/j.cej.2025.162908,457,Co-Ni-P,P-NiCo2S4,500,600,500,600,1.3,58.933,58.693,30.974,116,115,107,192,163,180,6.71,6.59,17,63,112,72,7,8,3,-1,7.5,9,10,5,-1,9.5,760.4,737.1,1011.8,23.3,17200000,14400000,100,91.4,1.88,1.91,2.19,-0.03,1.895,2.035,2.05,1.993333333,13.37,15.33,14.35,1890,-1.3,-1.4,150
https://doi.org/10.1016/j.cej.2025.162420,458,Co-Pt-O,Pt?-Co?O?,100,500,100,2000,0.86,58.933,195.08,15.999,116,136,73,192,175,152,6.71,9.1,14,63,205.3,141,7,9,4,-2,8,9,10,6,-1,9.5,760.4,870.8,1313.9,-110.4,17200000,94000000,100,71.6,1.88,2.28,3.44,-0.4,2.08,2.66,2.86,2.533333333,15.96,24.08,20.02,1918,-1.3,-2.2,220
https://doi.org/10.1039/d5nr00300h,459,Co-Ni-O,PtFeCoNiCu@rGO,100,500,100,500,0.77,58.933,58.693,15.999,116,115,73,192,163,152,6.71,6.59,14,63,112,141,7,8,4,-1,7.5,9,10,6,-1,9.5,760.4,737.1,1313.9,23.3,17200000,14400000,100,91.4,1.88,1.91,3.44,-0.03,1.895,2.66,2.675,2.41,13.37,24.08,18.725,1890,-1.3,-1.4,148
https://doi.org/10.1039/d5nr00300h,459,**-**-C,SP,100,500,100,500,1.29,none,none,12.011,none,none,76,none,none,170,none,none,5.29,none,none,121.8,none,none,0,none,none,none,none,4,none,none,none,none,1086.5,none,none,none,none,none,none,none,2.55,none,none,none,none,none,none,none,none,none,none,none,13
https://doi.org/10.1021/jacs.4c15230,463,Ru-**-O,RuO? catalyst (without TBPA),500,1000,500,1000,1.1,101.07,none,15.999,126,none,73,207,none,152,8.3,none,14,101.3,none,141,7,none,4,none,none,8,none,6,none,none,710.2,none,1313.9,none,13700000,none,117,none,2.2,none,3.44,none,none,2.82,none,none,none,24.08,none,none,-1.2,none,150
https://doi.org/10.1002/celc.202400626,470,**-**-C,K3T1 (KB:MWCNTs= 3:1),100,500,100,500,1.4,none,none,12.011,none,none,76,none,none,170,none,none,5.29,none,none,121.8,none,none,0,none,none,none,none,4,none,none,none,none,1086.5,none,none,none,none,none,none,none,2.55,none,none,none,none,none,none,none,none,none,none,none,31
https://doi.org/10.1016/j.esci.2024.100310,477,Ni-**-N,Ni2-N/rGO,200,500,200,500,1.08,58.693,none,14.007,115,none,75,163,none,155,6.59,none,17.3,112,none,-7,8,none,3,none,none,10,none,5,none,none,737.1,none,1402.3,none,14400000,none,91.4,none,1.91,none,3.04,none,none,2.475,none,none,none,24.32,none,none,-1.4,none,225
https://doi.org/10.1016/j.esci.2024.100310,477,Ni-**-N,Ni2-N/rGO,500,500,500,500,1.1,58.693,none,14.007,115,none,75,163,none,155,6.59,none,17.3,112,none,-7,8,none,3,none,none,10,none,5,none,none,737.1,none,1402.3,none,14400000,none,91.4,none,1.91,none,3.04,none,none,2.475,none,none,none,24.32,none,none,-1.4,none,300
https://doi.org/10.1002/smll.202406516,478,Ru-**-O,Pt/C+RuO2,200,500,200,500,1.2,101.07,none,15.999,126,none,73,207,none,152,8.3,none,14,101.3,none,141,7,none,4,none,none,8,none,6,none,none,710.2,none,1313.9,none,13700000,none,117,none,2.2,none,3.44,none,none,2.82,none,none,none,24.08,none,none,-1.2,none,108
https://doi.org/10.1002/anie.202418893,483,Fe-**-N,Fe/N/C,200,1000,200,1000,1.3,55.845,none,14.007,115,none,75,194,none,155,7.11,none,17.3,15,none,-7,6,none,3,none,none,8,none,5,none,none,762.5,none,1402.3,none,10000000,none,80.4,none,1.83,none,3.04,none,none,2.435,none,none,none,18.24,none,none,-1.45,none,30
https://doi.org/10.1016/j.electacta.2024.145384,489,Co-Fe-O,CoFe-LDH(CoFeO),500,500,500,1000,1.01,58.933,55.845,15.999,116,115,73,192,194,152,6.71,7.11,14,63,15,141,7,6,4,1,6.5,9,8,6,1,8.5,760.4,762.5,1313.9,-2.1,17200000,10000000,100,80.4,1.88,1.83,3.44,0.05,1.855,2.66,2.635,2.383333333,12.81,24.08,18.445,1890,-1.3,-1.45,93
https://doi.org/10.1007/s10008-024-06115-x,494,Fe-**-O,Fe2O3,100,500,100,500,1.4,55.845,none,15.999,115,none,73,194,none,152,7.11,none,14,15,none,141,6,none,4,none,none,8,none,6,none,none,762.5,none,1313.9,none,10000000,none,80.4,none,1.83,none,3.44,none,none,2.635,none,none,none,20.64,none,none,-1.45,none,40
https://doi.org/10.1002/aenm.202402925,495,La-Fe-O,L0.80FCCO,200,500,200,500,1.4,138.91,55.845,15.999,169,115,73,240,194,152,22.6,7.11,14,48,15,141,1,6,4,-5,3.5,3,8,6,-5,5.5,538.1,762.5,1313.9,-224.4,1340000,10000000,13.4,80.4,1.1,1.83,3.44,-0.73,1.465,2.27,2.635,2.123333333,1.83,3.44,2.635,284,none,-1.45,34
https://doi.org/10.1002/aenm.202402925,495,Fe-La-O,L0.75FCCO,200,500,200,500,1.28,55.845,138.91,15.999,115,169,73,194,240,152,7.11,22.6,14,15,48,141,6,1,4,5,3.5,8,3,6,5,5.5,762.5,538.1,1313.9,224.4,10000000,1340000,80.4,13.4,1.83,1.1,3.44,0.73,1.465,2.635,2.27,2.123333333,6.6,20.64,13.62,1704,-1.45,none,21
https://doi.org/10.1002/aenm.202402925,495,Fe-La-O,L0.70FCCO,200,500,200,500,1.3,55.845,138.91,15.999,115,169,73,194,240,152,7.11,22.6,14,15,48,141,6,1,4,5,3.5,8,3,6,5,5.5,762.5,538.1,1313.9,224.4,10000000,1340000,80.4,13.4,1.83,1.1,3.44,0.73,1.465,2.635,2.27,2.123333333,6.6,20.64,13.62,1704,-1.45,none,38
https://doi.org/10.1021/acs.energyfuels.4c04356,498,Co-Ru-O,RuO2@Co3O4,250,500,250,500,0.94,58.933,101.07,15.999,116,126,73,192,207,152,6.71,8.3,14,63,101.3,141,7,7,4,0,7,9,8,6,1,8.5,760.4,710.2,1313.9,50.2,17200000,13700000,100,117,1.88,2.2,3.44,-0.32,2.04,2.66,2.82,2.506666667,15.4,24.08,19.74,1967,-1.3,-1.2,245
https://doi.org/10.1002/smll.202406525,502,Mn-**-O,MnO,500,1000,100,1000,1.25,54.938,none,15.999,139,none,73,197,none,152,7.39,none,14,50,none,141,5,none,4,none,none,7,none,6,none,none,717.3,none,1313.9,none,695000,none,7.81,none,1.55,none,3.44,none,none,2.495,none,none,none,17.2,none,none,-1.6,none,55
https://doi.org/10.1016/j.jpowsour.2024.235394,507,Co-Ru-N,Ru@ZIF-67-280,200,500,200,500,0.95,58.933,101.07,14.007,116,126,75,192,207,155,6.71,8.3,17.3,63,101.3,-7,7,7,3,0,7,9,8,5,1,8.5,760.4,710.2,1402.3,50.2,17200000,13700000,100,117,1.88,2.2,3.04,-0.32,2.04,2.46,2.62,2.373333333,15.4,21.28,18.34,1967,-1.3,-1.2,272
https://doi.org/10.1016/j.jpowsour.2024.235394,507,Co-**-N,ZIF-67-280,200,500,200,500,1,58.933,none,14.007,116,none,75,192,none,155,6.71,none,17.3,63,none,-7,7,none,3,none,none,9,none,5,none,none,760.4,none,1402.3,none,17200000,none,100,none,1.88,none,3.04,none,none,2.46,none,none,none,21.28,none,none,-1.3,none,100
https://doi.org/10.1002/cey2.587,508,Fe-**-N,FePc ,100,1000,100,1000,1.35,55.845,none,14.007,115,none,75,194,none,155,7.11,none,17.3,15,none,-7,6,none,3,none,none,8,none,5,none,none,762.5,none,1402.3,none,10000000,none,80.4,none,1.83,none,3.04,none,none,2.435,none,none,none,18.24,none,none,-1.45,none,20
https://doi.org/10.1002/cey2.550,509,Cr-V-O,P-LSCr NWs (La0.8Sr0.2CrO3),500,1000,500,1000,1.25,51.996,50.942,15.999,135,131,73,189,192,152,7.23,8.35,14,64.3,50.6,141,5,3,4,2,4,6,5,6,1,5.5,652.9,650.9,1313.9,2,7670000,4890000,93.7,30.7,1.66,1.63,3.44,0.03,1.645,2.55,2.535,2.243333333,8.15,17.2,12.675,1330,-1.7,-1.8,83
https://doi.org/10.1039/d4sc03242j,517,Ru-**-O,RuO?,500,2000,500,500,1.1,101.07,none,15.999,126,none,73,207,none,152,8.3,none,14,101.3,none,141,7,none,4,none,none,8,none,6,none,none,710.2,none,1313.9,none,13700000,none,117,none,2.2,none,3.44,none,none,2.82,none,none,none,24.08,none,none,-1.2,none,111
https://doi.org/10.1016/j.est.2024.112780,519,Ni-Co-P,NiCoP@PNCF,200,500,200,500,1.3,58.693,58.933,30.974,115,116,107,163,192,180,6.59,6.71,17,112,63,72,8,7,3,1,7.5,10,9,5,1,9.5,737.1,760.4,1011.8,-23.3,14400000,17200000,91.4,100,1.91,1.88,2.19,0.03,1.895,2.05,2.035,1.993333333,15.04,17.52,16.28,1848,-1.4,-1.3,242
https://doi.org/10.1016/j.est.2024.112780,519,Co-**-P,CoP@PNCF,200,500,200,500,1.45,58.933,none,30.974,116,none,107,192,none,180,6.71,none,17,63,none,72,7,none,3,none,none,9,none,5,none,none,760.4,none,1011.8,none,17200000,none,100,none,1.88,none,2.19,none,none,2.035,none,none,none,15.33,none,none,-1.3,none,196
https://doi.org/10.1016/j.jcis.2024.06.137,522,Mo-Ni-S,NiS/MoS2,200,500,200,500,1.25,95.95,58.693,32.06,139,115,102,209,163,180,9.38,6.59,15.5,72,112,200.4,5,8,4,-3,6.5,6,10,6,-4,8,684.3,737.1,999.6,-52.8,18700000,14400000,138,91.4,2.16,1.91,2.58,0.25,2.035,2.37,2.245,2.216666667,9.55,12.9,11.225,1270,-1.6,-1.4,163
https://doi.org/10.1016/j.jcis.2024.06.137,522,Ni-**-S,NiS,200,500,200,500,1.4,58.693,none,32.06,115,none,102,163,none,180,6.59,none,15.5,112,none,200.4,8,none,4,none,none,10,none,6,none,none,737.1,none,999.6,none,14400000,none,91.4,none,1.91,none,2.58,none,none,2.245,none,none,none,20.64,none,none,-1.4,none,107
https://doi.org/10.1016/j.jcis.2024.06.137,522,Ni-**-S,NiS,400,500,400,500,1.45,58.693,none,32.06,115,none,102,163,none,180,6.59,none,15.5,112,none,200.4,8,none,4,none,none,10,none,6,none,none,737.1,none,999.6,none,14400000,none,91.4,none,1.91,none,2.58,none,none,2.245,none,none,none,20.64,none,none,-1.4,none,86
https://doi.org/10.1002/adma.202404319,523,Co-Ni-F,CoNiO2-xFx/CC,1000,1000,1000,1000,1.2,58.933,58.693,18.998,116,115,64,192,163,147,6.71,6.59,17.1,63,112,328.2,7,8,5,-1,7.5,9,10,7,-1,9.5,760.4,737.1,1681,23.3,17200000,14400000,100,91.4,1.88,1.91,3.98,-0.03,1.895,2.93,2.945,2.59,13.37,27.86,20.615,1617,-1.3,-1.4,155
https://doi.org/10.1002/adma.202405440,525,Fe-**-O,Fe-TCPP,500,500,500,500,1.4,55.845,none,15.999,115,none,73,194,none,152,7.11,none,14,15,none,141,6,none,4,none,none,8,none,6,none,none,762.5,none,1313.9,none,10000000,none,80.4,none,1.83,none,3.44,none,none,2.635,none,none,none,20.64,none,none,-1.45,none,45
https://doi.org/10.1016/j.mtener.2024.101597,526,Co-**-P,CoP,500,500,500,500,1.38,58.933,none,30.974,116,none,107,192,none,180,6.71,none,17,63,none,72,7,none,3,none,none,9,none,5,none,none,760.4,none,1011.8,none,17200000,none,100,none,1.88,none,2.19,none,none,2.035,none,none,none,15.33,none,none,-1.3,none,154
https://doi.org/10.1016/j.jcis.2024.05.144,528,Mn-Co-O,CoMnO-700,200,500,200,500,1.2,54.938,58.933,15.999,139,116,73,197,192,152,7.39,6.71,14,50,63,141,5,7,4,-2,6,7,9,6,-2,8,717.3,760.4,1313.9,-43.1,695000,17200000,7.81,100,1.55,1.88,3.44,-0.33,1.715,2.495,2.66,2.29,9.4,17.2,13.3,1275,-1.6,-1.3,126
https://doi.org/10.1016/j.ijoes.2024.100602,532,Ru-**-N,Ru@CNS/CNT,200,1000,100,1000,1.3,101.07,none,14.007,126,none,75,207,none,155,8.3,none,17.3,101.3,none,-7,7,none,3,none,none,8,none,5,none,none,710.2,none,1402.3,none,13700000,none,117,none,2.2,none,3.04,none,none,2.62,none,none,none,21.28,none,none,-1.2,none,79
https://doi.org/10.1016/j.jechem.2024.01.076,540,Mo-**-S,MoS2,100,600,100,600,1.3,95.95,none,32.06,139,none,102,209,none,180,9.38,none,15.5,72,none,200.4,5,none,4,none,none,6,none,6,none,none,684.3,none,999.6,none,18700000,none,138,none,2.16,none,2.58,none,none,2.37,none,none,none,12.9,none,none,-1.6,none,63
https://doi.org/10.1016/j.jechem.2024.01.076,540,Mo-**-S,MoS2,200,600,100,1000,1.25,95.95,none,32.06,139,none,102,209,none,180,9.38,none,15.5,72,none,200.4,5,none,4,none,none,6,none,6,none,none,684.3,none,999.6,none,18700000,none,138,none,2.16,none,2.58,none,none,2.37,none,none,none,12.9,none,none,-1.6,none,75
https://doi.org/10.1016/j.jechem.2024.01.076,540,Mn-Mo-S,MnS/MoS2,500,1000,500,1000,1.25,54.938,95.95,32.06,139,139,102,197,209,180,7.39,9.38,15.5,50,72,200.4,5,5,4,0,5,7,6,6,1,6.5,717.3,684.3,999.6,33,695000,18700000,7.81,138,1.55,2.16,2.58,-0.61,1.855,2.065,2.37,2.096666667,10.8,12.9,11.85,1390,-1.6,-1.6,100
https://doi.org/10.1002/aenm.202303766,543,Co-Ru-N,NC/Co3Ru-NDs (with bare Li anode),500,500,500,500,0.95,58.933,101.07,14.007,116,126,75,192,207,155,6.71,8.3,17.3,63,101.3,-7,7,7,3,0,7,9,8,5,1,8.5,760.4,710.2,1402.3,50.2,17200000,13700000,100,117,1.88,2.2,3.04,-0.32,2.04,2.46,2.62,2.373333333,15.4,21.28,18.34,1967,-1.3,-1.2,220
https://doi.org/10.1002/smtd.202301728,545,Cr-Ni-O,MMONF-11%,100,250,50,250,1.22,51.996,58.693,15.999,135,115,73,189,163,152,7.23,6.59,14,64.3,112,141,5,8,4,-3,6.5,6,10,6,-4,8,652.9,737.1,1313.9,-84.2,7670000,14400000,93.7,91.4,1.66,1.91,3.44,-0.25,1.785,2.55,2.675,2.336666667,9.55,17.2,13.375,1250,-1.7,-1.4,125
https://doi.org/10.1002/smtd.202301728,545,Cr-Ni-O,MMONF-50%,100,250,50,250,1.32,51.996,58.693,15.999,135,115,73,189,163,152,7.23,6.59,14,64.3,112,141,5,8,4,-3,6.5,6,10,6,-4,8,652.9,737.1,1313.9,-84.2,7670000,14400000,93.7,91.4,1.66,1.91,3.44,-0.25,1.785,2.55,2.675,2.336666667,9.55,17.2,13.375,1250,-1.7,-1.4,100
https://doi.org/10.1016/j.mtcomm.2024.108243,547,Co-Ni-O,h-MoO3/NiCo2O4,500,500,500,500,0.84,58.933,58.693,15.999,116,115,73,192,163,152,6.71,6.59,14,63,112,141,7,8,4,-1,7.5,9,10,6,-1,9.5,760.4,737.1,1313.9,23.3,17200000,14400000,100,91.4,1.88,1.91,3.44,-0.03,1.895,2.66,2.675,2.41,13.37,24.08,18.725,1890,-1.3,-1.4,133
https://doi.org/10.1016/j.jallcom.2024.173877,549,Ru-**-O,RuO2,200,500,200,500,1.11,101.07,none,15.999,126,none,73,207,none,152,8.3,none,14,101.3,none,141,7,none,4,none,none,8,none,6,none,none,710.2,none,1313.9,none,13700000,none,117,none,2.2,none,3.44,none,none,2.82,none,none,none,24.08,none,none,-1.2,none,110
https://doi.org/10.1016/j.jpowsour.2024.234130,553,Ru-Co-N,RuCo-NC,500,1000,200,1000,1.05,101.07,58.933,14.007,126,116,75,207,192,155,8.3,6.71,17.3,101.3,63,-7,7,7,3,0,7,8,9,5,-1,8.5,710.2,760.4,1402.3,-50.2,13700000,17200000,117,100,2.2,1.88,3.04,0.32,2.04,2.62,2.46,2.373333333,13.16,21.28,17.22,1694,-1.2,-1.3,298
https://doi.org/10.1016/j.jpowsour.2024.234130,553,Ru-**-N,Ru-NC,500,1000,200,1000,1.17,101.07,none,14.007,126,none,75,207,none,155,8.3,none,17.3,101.3,none,-7,7,none,3,none,none,8,none,5,none,none,710.2,none,1402.3,none,13700000,none,117,none,2.2,none,3.04,none,none,2.62,none,none,none,21.28,none,none,-1.2,none,183
https://doi.org/10.1021/jacs.3c12734,554,Pd-**-C,Pt1Pd/C,500,1000,500,1000,1.12,106.42,none,12.011,138,none,76,163,none,170,8.85,none,5.29,54,none,121.8,10,none,0,none,none,10,none,4,none,none,804.4,none,1086.5,none,95000000,none,71.8,none,2.2,none,2.55,none,none,2.375,none,none,none,25.5,none,none,-2,none,10
