tSNE_1,tSNE_2,Overpotential(V)
225.01164,-175.11292,1.3
13.489754,180.65926,1.5
76.65974,-190.70612,1.27
-86.982376,103.928894,1.1
-299.3223,-64.05153,1.4
42.36315,198.59848,1.24
69.4778,-94.52279,1.35
26.471064,-68.90987,1.25
281.87057,-67.589966,1.0
-256.5023,-2.4548612,1.35
-282.49072,-6.1003222,1.4
127.77645,-60.726074,0.97
90.397934,-251.40999,1.25
-130.95506,6.7947335,0.98
50.284554,-228.81558,1.25
127.77645,-60.726074,1.012
127.77645,-60.726074,0.82
-6.619135,-118.56194,1.35
-233.47917,-74.25913,1.4
176.79329,-99.46102,0.95
236.37842,-202.01558,1.4
236.37842,-202.01558,1.3
-62.484756,80.73516,1.15
-63.19217,45.4094,1.2
-62.484756,80.73516,1.15
-26.756464,138.47623,1.2
103.50947,145.79826,1.5
99.44543,29.10703,1.05
-176.79419,128.2049,1.3
245.46219,59.95631,1.05
112.01222,200.36092,1.15
109.65371,178.20572,1.2
-58.713448,-119.32416,1.35
-240.38994,-106.35879,1.45
179.57478,-60.161144,1.15
70.81658,210.97076,1.21
108.78954,-135.07256,1.0
148.05598,-18.28321,0.84
-58.713448,-119.32416,1.3
127.77645,-60.726074,0.9
70.81658,210.97076,1.15
-233.47917,-74.25913,1.4
-196.07329,-35.97205,1.25
-58.713448,-119.32416,1.35
123.41629,-140.22583,1.1
236.37842,-202.01558,1.3
289.5978,-97.469284,1.0
289.5978,-97.469284,1.0
306.10336,-114.65933,0.92
-163.7679,229.01552,1.33
235.75217,29.715927,1.21
205.46631,-44.376675,1.1
25.842497,-28.049349,1.1
205.46631,-44.376675,1.1
205.46631,-44.376675,1.15
64.87954,177.22424,1.29
176.79329,-99.46102,1.08
179.40121,12.314731,0.99
-197.41911,178.42888,1.11
208.52704,16.59805,1.0
1.4242878,138.68842,1.15
127.77645,-60.726074,1.04
-238.7301,161.3242,1.1
-197.41911,178.42888,1.11
306.3019,-138.40599,1.0
-205.87752,64.0588,1.11
-74.00715,161.5342,1.2
296.27014,-53.518166,1.03
-30.884281,-106.447914,1.38
127.77645,-60.726074,1.06
-300.1724,-39.576576,1.34
-265.23212,-36.261517,1.4
-163.7679,229.01552,1.3
-176.79419,128.2049,1.25
-197.41911,178.42888,1.18
188.32095,48.14929,0.98
-241.59485,134.74315,1.04
-19.94375,-84.227356,1.29
236.37842,-202.01558,1.41
265.11316,-163.22937,1.01
-36.063606,37.838173,1.2
-31.577156,81.42977,1.25
-14.6123085,62.480446,1.25
64.87954,177.22424,1.17
-218.09184,143.11896,1.05
-265.23212,-36.261517,1.35
-265.23212,-36.261517,1.5
-265.23212,-36.261517,1.4
-143.67706,209.94753,1.28
-97.77354,162.68285,1.22
-42.928684,201.90796,1.23
-189.40244,240.25859,1.32
306.6921,-70.65716,1.09
-62.484756,80.73516,1.05
-130.95506,6.7947335,0.98
206.24228,-120.52902,0.95
64.87954,177.22424,1.2
64.87954,177.22424,1.25
-30.884281,-106.447914,1.38
70.81658,210.97076,1.15
70.81658,210.97076,1.15
-62.484756,80.73516,1.2
-27.033875,184.21935,1.2
179.57478,-60.161144,1.15
-12.899723,163.03365,1.1
205.46631,-44.376675,1.08
203.94151,-199.36761,1.2
-85.47813,141.09586,1.17
-203.98131,-59.33972,1.25
53.15946,-20.22477,1.2
-207.71854,221.45341,1.25
213.33202,-80.71304,1.12
127.77645,-60.726074,0.85
-41.437122,60.30903,1.1
-82.71741,184.43677,1.14
19.723988,-199.9014,1.23
-226.48743,-19.226513,1.18
-276.91476,-68.27293,1.42
-197.41911,178.42888,0.98
76.65974,-190.70612,1.3
-265.08072,-96.90237,1.4
-233.47917,-74.25913,1.5
-38.642094,162.6005,1.1
-52.281536,144.78441,1.15
179.57478,-60.161144,1.08
208.52704,16.59805,1.04
32.83335,-87.0991,1.25
-6.619135,-118.56194,1.25
-32.740097,-137.19756,1.39
-32.740097,-137.19756,1.45
-130.95506,6.7947335,1.0
213.33202,-80.71304,1.15
187.75243,-137.94498,1.25
-197.41911,178.42888,1.04
-190.40479,-79.313126,1.25
-155.62836,-167.30298,1.3
-176.79419,128.2049,1.2
35.17153,226.97063,1.3
-12.899723,163.03365,1.2
127.77645,-60.726074,0.8
127.77645,-60.726074,0.83
148.05598,-18.28321,0.96
-52.333088,179.17062,1.18
-155.62836,-167.30298,1.41
99.44543,29.10703,1.1
-10.625266,93.12771,1.1
176.79329,-99.46102,0.89
148.05598,-18.28321,0.998
127.77645,-60.726074,0.94
-197.41911,178.42888,1.15
28.524311,-218.13809,1.18
-196.07329,-35.97205,1.25
-176.79419,128.2049,1.25
-26.756464,138.47623,1.24
-155.62836,-167.30298,1.36
97.13701,-214.5933,1.3
76.65974,-190.70612,1.35
78.47495,-224.40352,1.3
68.72731,-8.225233,0.86
127.77645,-60.726074,0.77
-155.62836,-167.30298,1.29
-85.58219,56.80289,1.1
-155.62836,-167.30298,1.4
-239.98569,187.3715,1.08
-238.7301,161.3242,1.1
-38.11684,103.71525,1.2
-163.74628,197.49559,1.3
176.79329,-99.46102,1.01
0.47984633,203.574,1.4
-51.00901,-88.374016,1.4
236.37842,-202.01558,1.28
236.37842,-202.01558,1.3
148.05598,-18.28321,0.94
64.87954,177.22424,1.25
164.90877,33.258682,0.95
-197.41911,178.42888,1.0
-184.18071,213.59149,1.35
163.4116,-141.60037,1.25
-96.83076,80.29928,1.1
105.30486,-237.26013,1.3
-265.23212,-36.261517,1.45
44.938507,-199.73778,1.25
-240.38994,-106.35879,1.4
-240.38994,-106.35879,1.45
248.83234,-22.688272,1.2
0.47984633,203.574,1.4
-265.23212,-36.261517,1.38
69.4778,-94.52279,1.2
-176.79419,128.2049,1.3
-177.41162,-56.39014,1.3
-177.41162,-56.39014,1.25
108.98261,-183.66203,1.25
164.90877,33.258682,0.95
64.50615,-63.5648,1.22
64.50615,-63.5648,1.32
127.77645,-60.726074,0.84
-62.124943,111.39994,1.11
221.0099,46.505623,1.05
-155.04518,147.78876,1.17
-215.39565,85.07854,1.12
