record_id,DOI,data_source,Atomic_Weight_of_M1,Atomic_Weight_of_M2,Atomic_Weight_of_N,Covalent_Radius_of_M1,Covalent_Radius_of_M2,Covalent_Radius_of_N,VanDer_Waals_Radius_of_M1,VanDer_Waals_Radius_of_M2,VanDer_Waals_Radius_of_N,Atomic_Volume_of_M1,Atomic_Volume_of_M2,Atomic_Volume_of_N,Electron_Affinity_of_M1,Electron_Affinity_of_M2,Electron_Affinity_of_N,d-electron_number_of_M1,d-electron_number_of_M2,p-electron_number_of_N,Difference_in_the_d-electron_number_of_M1_and_M2,Average_d-electron_number_of_M1_and_M2,Number_of_valence_electrons_of_M1,Number_of_valence_electrons_of_M2,Number_of_valence_electrons_of_N,Difference_in_the_valence-electron_number_of_M1_and_M2,Average_valence-electron_number_of_M1_and_M2,First_ionization_energy_of_M1,First_ionization_energy_of_M2,First_ionization_energy_of_N,Difference_in_the_First_ionization_energy_of_metals,Electrical_Conductivity_of_M1,Electrical_Conductivity_of_M2,Thermal_Conductivity_of_M1,Thermal_Conductivity_of_M2,Pauling_electronegativity_of_M1,Pauling_electronegativity_of_M2,Pauling_electronegativity_of_N,Difference_in_the_electronegativity_of_M1_and_M2,Average_electronegativity_of_M1_and_M2,Average_electronegativity_of_M1_and_N,Average_electronegativity_of_M2_and_N,Average_electronegativity_of_active_site_(M1-M2-N),Correction_of_d_electron_number_of_M1_with_electronegativity_of_M2,Correction_of_d_electron_number_of_M1_with_electronegativity_of_N,Correction_of_d_electron_number_of_M1_with_average_Electronegativity_of_M2_and_N,Correction_of_d_electron_number_of_M1_with_sum_atomic_radius_of_M1_and_M2,d-band_center_of_M1,d-band_center_of_M2,m1_**,m1_Ag,m1_Bi,m1_Co,m1_Cr,m1_Dy,m1_Fe,m1_Ir,m1_La,m1_Mn,m1_Mo,m1_Ni,m1_Pd,m1_Ru,m1_Se,m1_Sn,m1_Te,m1_Ti,m2_**,m2_Bi,m2_Ce,m2_Co,m2_Cu,m2_Fe,m2_In,m2_La,m2_Mn,m2_Mo,m2_Ni,m2_Pd,m2_Pt,m2_Ru,m2_Sn,m2_V,Y1,Y2
R0001,https://doi.org/10.1016/j.electacta.2020.137645,8,55.845,140.12,15.999,115.0,165.0,73.0,194.0,235.0,152.0,7.11,20.6,14.0,15.0,50.0,141.0,6.0,1.0,4.0,5.0,3.5,8.0,4.0,6.0,4.0,6.0,762.5,534.4,1313.9,228.1,10000000.0,1140000.0,80.4,11.3,1.83,1.12,3.44,0.71,1.475,2.635,2.28,2.13,6.72,20.64,13.68,1680.0,-1.45,0.0,0,0,0,0,0,0,1,0,0,0,0,0,0,0,0,0,0,0,0,0,1,0,0,0,0,0,0,0,0,0,0,0,0,0,1.3,94
R0002,https://doi.org/10.1016/j.electacta.2020.137645,8,55.845,0.0,15.999,115.0,0.0,73.0,194.0,0.0,152.0,7.11,0.0,14.0,15.0,0.0,141.0,6.0,0.0,4.0,0.0,0.0,8.0,0.0,6.0,0.0,0.0,762.5,0.0,1313.9,0.0,10000000.0,0.0,80.4,0.0,1.83,0.0,3.44,0.0,0.0,2.635,0.0,0.0,0.0,20.64,0.0,0.0,-1.45,0.0,0,0,0,0,0,0,1,0,0,0,0,0,0,0,0,0,0,0,1,0,0,0,0,0,0,0,0,0,0,0,0,0,0,0,1.5,64
R0003,https://doi.org/10.1016/j.apcatb.2019.118283,16,58.933,58.693,32.06,116.0,115.0,102.0,192.0,163.0,180.0,6.71,6.59,15.5,63.0,112.0,200.4,7.0,8.0,4.0,-1.0,7.5,9.0,10.0,6.0,-1.0,9.5,760.4,737.1,999.6,23.3,17200000.0,14400000.0,100.0,91.4,1.88,1.91,2.58,-0.03,1.895,2.23,2.245,2.123333333,13.37,18.06,15.715,1890.0,-1.3,-1.4,0,0,0,1,0,0,0,0,0,0,0,0,0,0,0,0,0,0,0,0,0,0,0,0,0,0,0,0,1,0,0,0,0,0,1.27,101
R0004,https://doi.org/10.1016/j.ssi.2021.115773,18,101.07,0.0,15.999,126.0,0.0,73.0,207.0,0.0,152.0,8.3,0.0,14.0,101.3,0.0,141.0,7.0,0.0,4.0,0.0,0.0,8.0,0.0,6.0,0.0,0.0,710.2,0.0,1313.9,0.0,13700000.0,0.0,117.0,0.0,2.2,0.0,3.44,0.0,0.0,2.82,0.0,0.0,0.0,24.08,0.0,0.0,-1.2,0.0,0,0,0,0,0,0,0,0,0,0,0,0,0,1,0,0,0,0,1,0,0,0,0,0,0,0,0,0,0,0,0,0,0,0,1.1,36
R0005,https://doi.org/10.1016/j.ssi.2021.115773,18,58.693,0.0,30.974,115.0,0.0,107.0,163.0,0.0,180.0,6.59,0.0,17.0,112.0,0.0,72.0,8.0,0.0,3.0,0.0,0.0,10.0,0.0,5.0,0.0,0.0,737.1,0.0,1011.8,0.0,14400000.0,0.0,91.4,0.0,1.91,0.0,2.19,0.0,0.0,2.05,0.0,0.0,0.0,17.52,0.0,0.0,-1.4,0.0,0,0,0,0,0,0,0,0,0,0,0,1,0,0,0,0,0,0,1,0,0,0,0,0,0,0,0,0,0,0,0,0,0,0,1.4,28
R0006,https://doi.org/10.1016/j.jpowsour.2021.230374,32,54.938,0.0,15.999,139.0,0.0,73.0,197.0,0.0,152.0,7.39,0.0,14.0,50.0,0.0,141.0,5.0,0.0,4.0,0.0,0.0,7.0,0.0,6.0,0.0,0.0,717.3,0.0,1313.9,0.0,695000.0,0.0,7.81,0.0,1.55,0.0,3.44,0.0,0.0,2.495,0.0,0.0,0.0,17.2,0.0,0.0,-1.6,0.0,0,0,0,0,0,0,0,0,0,1,0,0,0,0,0,0,0,0,1,0,0,0,0,0,0,0,0,0,0,0,0,0,0,0,1.24,32
R0007,https://doi.org/10.1016/j.jallcom.2019.152736,34,54.938,58.933,15.999,139.0,116.0,73.0,197.0,192.0,152.0,7.39,6.71,14.0,50.0,63.0,141.0,5.0,7.0,4.0,-2.0,6.0,7.0,9.0,6.0,-2.0,8.0,717.3,760.4,1313.9,-43.1,695000.0,17200000.0,7.81,100.0,1.55,1.88,3.44,-0.33,1.715,2.495,2.66,2.29,9.4,17.2,13.3,1275.0,-1.6,-1.3,0,0,0,0,0,0,0,0,0,1,0,0,0,0,0,0,0,0,0,0,0,1,0,0,0,0,0,0,0,0,0,0,0,0,1.35,108
R0008,https://doi.org/10.1016/j.jallcom.2020.153803,36,47.867,58.693,15.999,136.0,115.0,73.0,187.0,163.0,152.0,10.64,6.59,14.0,7.6,112.0,141.0,2.0,8.0,4.0,-6.0,5.0,4.0,10.0,6.0,-6.0,7.0,658.8,737.1,1313.9,-78.3,2340000.0,14400000.0,21.9,91.4,1.54,1.91,3.44,-0.37,1.725,2.49,2.675,2.296666667,3.82,6.88,5.35,502.0,-2.2,-1.4,0,0,0,0,0,0,0,0,0,0,0,0,0,0,0,0,0,1,0,0,0,0,0,0,0,0,0,0,1,0,0,0,0,0,1.25,45
R0009,https://doi.org/10.1016/j.jallcom.2020.158269,40,78.971,55.845,15.999,116.0,115.0,73.0,190.0,194.0,152.0,16.4,7.11,14.0,195.0,15.0,141.0,10.0,6.0,4.0,4.0,8.0,6.0,8.0,6.0,-2.0,7.0,941.0,762.5,1313.9,178.5,1e-06,10000000.0,0.519,80.4,2.55,1.83,3.44,0.72,2.19,2.995,2.635,2.606666667,18.3,34.4,26.35,2310.0,0.0,-1.45,0,0,0,0,0,0,0,0,0,0,0,0,0,0,1,0,0,0,0,0,0,0,0,1,0,0,0,0,0,0,0,0,0,0,1.0,130
R0010,https://doi.org/10.1016/j.cej.2020.124294,50,55.845,0.0,30.974,115.0,0.0,107.0,194.0,0.0,180.0,7.11,0.0,17.0,15.0,0.0,72.0,6.0,0.0,3.0,0.0,0.0,8.0,0.0,5.0,0.0,0.0,762.5,0.0,1011.8,0.0,10000000.0,0.0,80.4,0.0,1.83,0.0,2.19,0.0,0.0,2.01,0.0,0.0,0.0,13.14,0.0,0.0,-1.45,0.0,0,0,0,0,0,0,1,0,0,0,0,0,0,0,0,0,0,0,1,0,0,0,0,0,0,0,0,0,0,0,0,0,0,0,1.35,400
R0011,https://doi.org/10.1016/j.cej.2020.124294,50,55.845,0.0,30.974,115.0,0.0,107.0,194.0,0.0,180.0,7.11,0.0,17.0,15.0,0.0,72.0,6.0,0.0,3.0,0.0,0.0,8.0,0.0,5.0,0.0,0.0,762.5,0.0,1011.8,0.0,10000000.0,0.0,80.4,0.0,1.83,0.0,2.19,0.0,0.0,2.01,0.0,0.0,0.0,13.14,0.0,0.0,-1.45,0.0,0,0,0,0,0,0,1,0,0,0,0,0,0,0,0,0,0,0,1,0,0,0,0,0,0,0,0,0,0,0,0,0,0,0,1.4,80
R0012,https://doi.org/10.1016/j.cej.2021.128403,53,58.933,58.693,15.999,116.0,115.0,73.0,192.0,163.0,152.0,6.71,6.59,14.0,63.0,112.0,141.0,7.0,8.0,4.0,-1.0,7.5,9.0,10.0,6.0,-1.0,9.5,760.4,737.1,1313.9,23.3,17200000.0,14400000.0,100.0,91.4,1.88,1.91,3.44,-0.03,1.895,2.66,2.675,2.41,13.37,24.08,18.725,1890.0,-1.3,-1.4,0,0,0,1,0,0,0,0,0,0,0,0,0,0,0,0,0,0,0,0,0,0,0,0,0,0,0,0,1,0,0,0,0,0,0.97,320
R0013,https://doi.org/10.1016/j.jelechem.2020.114124,58,58.693,55.845,30.974,115.0,115.0,107.0,163.0,194.0,180.0,6.59,7.11,17.0,112.0,15.0,72.0,8.0,6.0,3.0,2.0,7.0,10.0,8.0,5.0,2.0,9.0,737.1,762.5,1011.8,-25.4,14400000.0,10000000.0,91.4,80.4,1.91,1.83,2.19,0.08,1.87,2.05,2.01,1.976666667,14.64,17.52,16.08,1840.0,-1.4,-1.45,0,0,0,0,0,0,0,0,0,0,0,1,0,0,0,0,0,0,0,0,0,0,0,1,0,0,0,0,0,0,0,0,0,0,1.25,90
R0014,https://doi.org/10.1016/j.jechem.2020.07.053,61,47.867,0.0,12.011,136.0,0.0,76.0,187.0,0.0,170.0,10.64,0.0,5.29,7.6,0.0,121.8,2.0,0.0,0.0,0.0,0.0,4.0,0.0,4.0,0.0,0.0,658.8,0.0,1086.5,0.0,2340000.0,0.0,21.9,0.0,1.54,0.0,2.55,0.0,0.0,2.045,0.0,0.0,0.0,5.1,0.0,0.0,-2.2,0.0,0,0,0,0,0,0,0,0,0,0,0,0,0,0,0,0,0,1,1,0,0,0,0,0,0,0,0,0,0,0,0,0,0,0,0.98,30
R0015,https://doi.org/10.1016/j.flatc.2020.100221,65,95.95,58.933,30.974,139.0,116.0,107.0,209.0,192.0,180.0,9.38,6.71,17.0,72.0,63.0,72.0,5.0,7.0,3.0,-2.0,6.0,6.0,9.0,5.0,-3.0,7.5,684.3,760.4,1011.8,-76.1,18700000.0,17200000.0,138.0,100.0,2.16,1.88,2.19,0.28,2.02,2.175,2.035,2.076666667,9.4,10.95,10.175,1275.0,-1.6,-1.3,0,0,0,0,0,0,0,0,0,0,1,0,0,0,0,0,0,0,0,0,0,1,0,0,0,0,0,0,0,0,0,0,0,0,1.25,80
R0016,https://doi.org/10.1016/j.jallcom.2020.157945,68,58.933,58.693,15.999,116.0,115.0,73.0,192.0,163.0,152.0,6.71,6.59,14.0,63.0,112.0,141.0,7.0,8.0,4.0,-1.0,7.5,9.0,10.0,6.0,-1.0,9.5,760.4,737.1,1313.9,23.3,17200000.0,14400000.0,100.0,91.4,1.88,1.91,3.44,-0.03,1.895,2.66,2.675,2.41,13.37,24.08,18.725,1890.0,-1.3,-1.4,0,0,0,1,0,0,0,0,0,0,0,0,0,0,0,0,0,0,0,0,0,0,0,0,0,0,0,0,1,0,0,0,0,0,1.012,280
R0017,https://doi.org/10.1016/j.jallcom.2020.154054,70,58.933,58.693,15.999,116.0,115.0,73.0,192.0,163.0,152.0,6.71,6.59,14.0,63.0,112.0,141.0,7.0,8.0,4.0,-1.0,7.5,9.0,10.0,6.0,-1.0,9.5,760.4,737.1,1313.9,23.3,17200000.0,14400000.0,100.0,91.4,1.88,1.91,3.44,-0.03,1.895,2.66,2.675,2.41,13.37,24.08,18.725,1890.0,-1.3,-1.4,0,0,0,1,0,0,0,0,0,0,0,0,0,0,0,0,0,0,0,0,0,0,0,0,0,0,0,0,1,0,0,0,0,0,0.82,330
R0018,https://doi.org/10.1016/j.jpowsour.2020.228362,71,138.91,58.693,15.999,169.0,115.0,73.0,240.0,163.0,152.0,22.6,6.59,14.0,48.0,112.0,141.0,1.0,8.0,4.0,-7.0,4.5,3.0,10.0,6.0,-7.0,6.5,538.1,737.1,1313.9,-199.0,1340000.0,14400000.0,13.4,91.4,1.1,1.91,3.44,-0.81,1.505,2.27,2.675,2.15,1.91,3.44,2.675,284.0,0.0,-1.4,0,0,0,0,0,0,0,0,1,0,0,0,0,0,0,0,0,0,0,0,0,0,0,0,0,0,0,0,1,0,0,0,0,0,1.35,137
R0019,https://doi.org/10.1016/j.jallcom.2020.157656,73,58.933,0.0,32.06,116.0,0.0,102.0,192.0,0.0,180.0,6.71,0.0,15.5,63.0,0.0,200.4,7.0,0.0,4.0,0.0,0.0,9.0,0.0,6.0,0.0,0.0,760.4,0.0,999.6,0.0,17200000.0,0.0,100.0,0.0,1.88,0.0,2.58,0.0,0.0,2.23,0.0,0.0,0.0,18.06,0.0,0.0,-1.3,0.0,0,0,0,1,0,0,0,0,0,0,0,0,0,0,0,0,0,0,1,0,0,0,0,0,0,0,0,0,0,0,0,0,0,0,1.4,45
R0020,https://doi.org/10.1002/aenm.202100110,82,58.933,55.845,15.999,116.0,115.0,73.0,192.0,194.0,152.0,6.71,7.11,14.0,63.0,15.0,141.0,7.0,6.0,4.0,1.0,6.5,9.0,8.0,6.0,1.0,8.5,760.4,762.5,1313.9,-2.1,17200000.0,10000000.0,100.0,80.4,1.88,1.83,3.44,0.05,1.855,2.66,2.635,2.383333333,12.81,24.08,18.445,1890.0,-1.3,-1.45,0,0,0,1,0,0,0,0,0,0,0,0,0,0,0,0,0,0,0,0,0,0,0,1,0,0,0,0,0,0,0,0,0,0,0.95,150
R0021,https://doi.org/10.1002/anie.202110116,88,55.845,138.91,15.999,115.0,169.0,73.0,194.0,240.0,152.0,7.11,22.6,14.0,15.0,48.0,141.0,6.0,1.0,4.0,5.0,3.5,8.0,3.0,6.0,5.0,5.5,762.5,538.1,1313.9,224.4,10000000.0,1340000.0,80.4,13.4,1.83,1.1,3.44,0.73,1.465,2.635,2.27,2.123333333,6.6,20.64,13.62,1704.0,-1.45,0.0,0,0,0,0,0,0,1,0,0,0,0,0,0,0,0,0,0,0,0,0,0,0,0,0,0,1,0,0,0,0,0,0,0,0,1.4,55
R0022,https://doi.org/10.1002/anie.202110116,88,55.845,138.91,15.999,115.0,169.0,73.0,194.0,240.0,152.0,7.11,22.6,14.0,15.0,48.0,141.0,6.0,1.0,4.0,5.0,3.5,8.0,3.0,6.0,5.0,5.5,762.5,538.1,1313.9,224.4,10000000.0,1340000.0,80.4,13.4,1.83,1.1,3.44,0.73,1.465,2.635,2.27,2.123333333,6.6,20.64,13.62,1704.0,-1.45,0.0,0,0,0,0,0,0,1,0,0,0,0,0,0,0,0,0,0,0,0,0,0,0,0,0,0,1,0,0,0,0,0,0,0,0,1.3,103
R0023,https://doi.org/10.1021/acs.jpcc.1c05456,91,101.07,0.0,15.999,126.0,0.0,73.0,207.0,0.0,152.0,8.3,0.0,14.0,101.3,0.0,141.0,7.0,0.0,4.0,0.0,0.0,8.0,0.0,6.0,0.0,0.0,710.2,0.0,1313.9,0.0,13700000.0,0.0,117.0,0.0,2.2,0.0,3.44,0.0,0.0,2.82,0.0,0.0,0.0,24.08,0.0,0.0,-1.2,0.0,0,0,0,0,0,0,0,0,0,0,0,0,0,1,0,0,0,0,1,0,0,0,0,0,0,0,0,0,0,0,0,0,0,0,1.15,306
R0024,https://doi.org/10.1021/acs.jpcc.1c05456,91,101.07,0.0,15.999,126.0,0.0,73.0,207.0,0.0,152.0,8.3,0.0,14.0,101.3,0.0,141.0,7.0,0.0,4.0,0.0,0.0,8.0,0.0,6.0,0.0,0.0,710.2,0.0,1313.9,0.0,13700000.0,0.0,117.0,0.0,2.2,0.0,3.44,0.0,0.0,2.82,0.0,0.0,0.0,24.08,0.0,0.0,-1.2,0.0,0,0,0,0,0,0,0,0,0,0,0,0,0,1,0,0,0,0,1,0,0,0,0,0,0,0,0,0,0,0,0,0,0,0,1.2,85
R0025,https://doi.org/10.1021/acs.jpcc.1c05456,91,101.07,0.0,15.999,126.0,0.0,73.0,207.0,0.0,152.0,8.3,0.0,14.0,101.3,0.0,141.0,7.0,0.0,4.0,0.0,0.0,8.0,0.0,6.0,0.0,0.0,710.2,0.0,1313.9,0.0,13700000.0,0.0,117.0,0.0,2.2,0.0,3.44,0.0,0.0,2.82,0.0,0.0,0.0,24.08,0.0,0.0,-1.2,0.0,0,0,0,0,0,0,0,0,0,0,0,0,0,1,0,0,0,0,1,0,0,0,0,0,0,0,0,0,0,0,0,0,0,0,1.15,169
R0026,https://doi.org/10.1039/d0cc05980c,102,58.933,0.0,15.999,116.0,0.0,73.0,192.0,0.0,152.0,6.71,0.0,14.0,63.0,0.0,141.0,7.0,0.0,4.0,0.0,0.0,9.0,0.0,6.0,0.0,0.0,760.4,0.0,1313.9,0.0,17200000.0,0.0,100.0,0.0,1.88,0.0,3.44,0.0,0.0,2.66,0.0,0.0,0.0,24.08,0.0,0.0,-1.3,0.0,0,0,0,1,0,0,0,0,0,0,0,0,0,0,0,0,0,0,1,0,0,0,0,0,0,0,0,0,0,0,0,0,0,0,1.2,150
R0027,https://doi.org/10.1039/d0nr00866d,104,162.5,0.0,15.999,192.0,0.0,73.0,231.0,0.0,152.0,19.01,0.0,14.0,33.9,0.0,141.0,0.0,0.0,4.0,0.0,0.0,3.0,0.0,6.0,0.0,0.0,573.0,0.0,1313.9,0.0,1100000.0,0.0,10.7,0.0,1.22,0.0,3.44,0.0,0.0,2.33,0.0,0.0,0.0,0.0,0.0,0.0,0.0,0.0,0,0,0,0,0,1,0,0,0,0,0,0,0,0,0,0,0,0,1,0,0,0,0,0,0,0,0,0,0,0,0,0,0,0,1.5,76
R0028,https://doi.org/10.1039/d0ta09195b,113,58.933,63.55,15.999,116.0,132.0,73.0,192.0,140.0,152.0,6.71,7.11,14.0,63.0,118.4,141.0,7.0,10.0,4.0,-3.0,8.5,9.0,11.0,6.0,-2.0,10.0,760.4,745.5,1313.9,14.9,17200000.0,59600000.0,100.0,401.0,1.88,1.9,3.44,-0.02,1.89,2.66,2.67,2.406666667,13.3,24.08,18.69,1736.0,-1.3,-2.67,0,0,0,1,0,0,0,0,0,0,0,0,0,0,0,0,0,0,0,0,0,0,1,0,0,0,0,0,0,0,0,0,0,0,1.05,107
R0029,https://doi.org/10.1039/d1ta00538c,118,101.07,0.0,14.007,126.0,0.0,75.0,207.0,0.0,155.0,8.3,0.0,17.3,101.3,0.0,-7.0,7.0,0.0,3.0,0.0,0.0,8.0,0.0,5.0,0.0,0.0,710.2,0.0,1402.3,0.0,13700000.0,0.0,117.0,0.0,2.2,0.0,3.04,0.0,0.0,2.62,0.0,0.0,0.0,21.28,0.0,0.0,-1.2,0.0,0,0,0,0,0,0,0,0,0,0,0,0,0,1,0,0,0,0,1,0,0,0,0,0,0,0,0,0,0,0,0,0,0,0,1.3,200
R0030,https://doi.org/10.1039/d1ta04830a,120,192.217,58.933,14.007,141.0,116.0,75.0,202.0,192.0,155.0,8.52,6.71,17.3,151.0,63.0,-7.0,7.0,7.0,3.0,0.0,7.0,9.0,9.0,5.0,0.0,9.0,880.0,760.4,1402.3,119.6,21300000.0,17200000.0,147.0,100.0,2.2,1.88,3.04,0.32,2.04,2.62,2.46,2.373333333,13.16,21.28,17.22,1799.0,-2.5,-1.3,0,0,0,0,0,0,0,1,0,0,0,0,0,0,0,0,0,0,0,0,0,1,0,0,0,0,0,0,0,0,0,0,0,0,1.05,320
R0031,https://doi.org/10.1002/ente.201901257,123,47.867,0.0,15.999,136.0,0.0,73.0,187.0,0.0,152.0,10.64,0.0,14.0,7.6,0.0,141.0,2.0,0.0,4.0,0.0,0.0,4.0,0.0,6.0,0.0,0.0,658.8,0.0,1313.9,0.0,2340000.0,0.0,21.9,0.0,1.54,0.0,3.44,0.0,0.0,2.49,0.0,0.0,0.0,6.88,0.0,0.0,-2.2,0.0,0,0,0,0,0,0,0,0,0,0,0,0,0,0,0,0,0,1,1,0,0,0,0,0,0,0,0,0,0,0,0,0,0,0,1.15,75
R0032,https://doi.org/10.1002/ente.201901257,123,47.867,0.0,15.999,136.0,0.0,73.0,187.0,0.0,152.0,10.64,0.0,14.0,7.6,0.0,141.0,2.0,0.0,4.0,0.0,0.0,4.0,0.0,6.0,0.0,0.0,658.8,0.0,1313.9,0.0,2340000.0,0.0,21.9,0.0,1.54,0.0,3.44,0.0,0.0,2.49,0.0,0.0,0.0,6.88,0.0,0.0,-2.2,0.0,0,0,0,0,0,0,0,0,0,0,0,0,0,0,0,0,0,1,1,0,0,0,0,0,0,0,0,0,0,0,0,0,0,0,1.2,40
R0033,https://doi.org/10.1021/acsaem.0c01691,126,138.91,54.938,15.999,169.0,139.0,73.0,240.0,197.0,152.0,22.6,7.39,14.0,48.0,50.0,141.0,1.0,5.0,4.0,-4.0,3.0,3.0,7.0,6.0,-4.0,5.0,538.1,717.3,1313.9,-179.2,1340000.0,695000.0,13.4,7.81,1.1,1.55,3.44,-0.45,1.325,2.27,2.495,2.03,1.55,3.44,2.495,308.0,0.0,-1.6,0,0,0,0,0,0,0,0,1,0,0,0,0,0,0,0,0,0,0,0,0,0,0,0,0,0,1,0,0,0,0,0,0,0,1.35,95
R0034,https://doi.org/10.1021/acsnano.9b09646,132,58.693,0.0,32.06,115.0,0.0,102.0,163.0,0.0,180.0,6.59,0.0,15.5,112.0,0.0,200.4,8.0,0.0,4.0,0.0,0.0,10.0,0.0,6.0,0.0,0.0,737.1,0.0,999.6,0.0,14400000.0,0.0,91.4,0.0,1.91,0.0,2.58,0.0,0.0,2.245,0.0,0.0,0.0,20.64,0.0,0.0,-1.4,0.0,0,0,0,0,0,0,0,0,0,0,0,1,0,0,0,0,0,0,1,0,0,0,0,0,0,0,0,0,0,0,0,0,0,0,1.45,132
R0035,https://doi.org/10.1021/acsami.0c02087,136,58.693,58.933,15.999,115.0,116.0,73.0,163.0,192.0,152.0,6.59,6.71,14.0,112.0,63.0,141.0,8.0,7.0,4.0,1.0,7.5,10.0,9.0,6.0,1.0,9.5,737.1,760.4,1313.9,-23.3,14400000.0,17200000.0,91.4,100.0,1.91,1.88,3.44,0.03,1.895,2.675,2.66,2.41,15.04,27.52,21.28,1848.0,-1.4,-1.3,0,0,0,0,0,0,0,0,0,0,0,1,0,0,0,0,0,0,0,0,0,1,0,0,0,0,0,0,0,0,0,0,0,0,1.15,300
R0036,https://doi.org/10.1002/er.7342,137,54.938,0.0,15.999,139.0,0.0,73.0,197.0,0.0,152.0,7.39,0.0,14.0,50.0,0.0,141.0,5.0,0.0,4.0,0.0,0.0,7.0,0.0,6.0,0.0,0.0,717.3,0.0,1313.9,0.0,695000.0,0.0,7.81,0.0,1.55,0.0,3.44,0.0,0.0,2.495,0.0,0.0,0.0,17.2,0.0,0.0,-1.6,0.0,0,0,0,0,0,0,0,0,0,1,0,0,0,0,0,0,0,0,1,0,0,0,0,0,0,0,0,0,0,0,0,0,0,0,1.21,68
R0037,https://doi.org/10.1002/er.6806,138,107.87,54.938,15.999,153.0,139.0,73.0,172.0,197.0,152.0,10.28,7.39,14.0,125.0,50.0,141.0,10.0,5.0,4.0,5.0,7.5,11.0,7.0,6.0,4.0,9.0,731.0,717.3,1313.9,13.7,63000000.0,695000.0,429.0,7.81,1.93,1.55,3.44,0.38,1.74,2.685,2.495,2.306666667,15.5,34.4,24.95,2920.0,-3.5,-1.6,0,1,0,0,0,0,0,0,0,0,0,0,0,0,0,0,0,0,0,0,0,0,0,0,0,0,1,0,0,0,0,0,0,0,1.0,15
R0038,https://doi.org/10.1021/acsami.1c08720,150,58.933,101.07,15.999,116.0,126.0,73.0,192.0,207.0,152.0,6.71,8.3,14.0,63.0,101.3,141.0,7.0,7.0,4.0,0.0,7.0,9.0,8.0,6.0,1.0,8.5,760.4,710.2,1313.9,50.2,17200000.0,13700000.0,100.0,117.0,1.88,2.2,3.44,-0.32,2.04,2.66,2.82,2.506666667,15.4,24.08,19.74,1967.0,-1.3,-1.2,0,0,0,1,0,0,0,0,0,0,0,0,0,0,0,0,0,0,0,0,0,0,0,0,0,0,0,0,0,0,0,1,0,0,0.84,100
R0039,https://doi.org/10.1021/acsami.9b21904,151,138.91,54.938,15.999,169.0,139.0,73.0,240.0,197.0,152.0,22.6,7.39,14.0,48.0,50.0,141.0,1.0,5.0,4.0,-4.0,3.0,3.0,7.0,6.0,-4.0,5.0,538.1,717.3,1313.9,-179.2,1340000.0,695000.0,13.4,7.81,1.1,1.55,3.44,-0.45,1.325,2.27,2.495,2.03,1.55,3.44,2.495,308.0,0.0,-1.6,0,0,0,0,0,0,0,0,1,0,0,0,0,0,0,0,0,0,0,0,0,0,0,0,0,0,1,0,0,0,0,0,0,0,1.3,20
R0040,https://doi.org/10.1007/s11581-021-04046-5,157,58.933,58.693,15.999,116.0,115.0,73.0,192.0,163.0,152.0,6.71,6.59,14.0,63.0,112.0,141.0,7.0,8.0,4.0,-1.0,7.5,9.0,10.0,6.0,-1.0,9.5,760.4,737.1,1313.9,23.3,17200000.0,14400000.0,100.0,91.4,1.88,1.91,3.44,-0.03,1.895,2.66,2.675,2.41,13.37,24.08,18.725,1890.0,-1.3,-1.4,0,0,0,1,0,0,0,0,0,0,0,0,0,0,0,0,0,0,0,0,0,0,0,0,0,0,0,0,1,0,0,0,0,0,0.9,130
R0041,https://doi.org/10.1007/s40242-020-0077-3,161,54.938,0.0,15.999,139.0,0.0,73.0,197.0,0.0,152.0,7.39,0.0,14.0,50.0,0.0,141.0,5.0,0.0,4.0,0.0,0.0,7.0,0.0,6.0,0.0,0.0,717.3,0.0,1313.9,0.0,695000.0,0.0,7.81,0.0,1.55,0.0,3.44,0.0,0.0,2.495,0.0,0.0,0.0,17.2,0.0,0.0,-1.6,0.0,0,0,0,0,0,0,0,0,0,1,0,0,0,0,0,0,0,0,1,0,0,0,0,0,0,0,0,0,0,0,0,0,0,0,1.15,55
R0042,https://doi.org/10.1002/smll.202105752,165,58.933,0.0,32.06,116.0,0.0,102.0,192.0,0.0,180.0,6.71,0.0,15.5,63.0,0.0,200.4,7.0,0.0,4.0,0.0,0.0,9.0,0.0,6.0,0.0,0.0,760.4,0.0,999.6,0.0,17200000.0,0.0,100.0,0.0,1.88,0.0,2.58,0.0,0.0,2.23,0.0,0.0,0.0,18.06,0.0,0.0,-1.3,0.0,0,0,0,1,0,0,0,0,0,0,0,0,0,0,0,0,0,0,1,0,0,0,0,0,0,0,0,0,0,0,0,0,0,0,1.4,82
R0043,https://doi.org/10.1002/smll.202105752,165,95.95,0.0,32.06,139.0,0.0,102.0,209.0,0.0,180.0,9.38,0.0,15.5,72.0,0.0,200.4,5.0,0.0,4.0,0.0,0.0,6.0,0.0,6.0,0.0,0.0,684.3,0.0,999.6,0.0,18700000.0,0.0,138.0,0.0,2.16,0.0,2.58,0.0,0.0,2.37,0.0,0.0,0.0,12.9,0.0,0.0,-1.6,0.0,0,0,0,0,0,0,0,0,0,0,1,0,0,0,0,0,0,0,1,0,0,0,0,0,0,0,0,0,0,0,0,0,0,0,1.25,47
R0044,https://doi.org/10.1021/acscatal.0c02608,168,138.91,54.938,15.999,169.0,139.0,73.0,240.0,197.0,152.0,22.6,7.39,14.0,48.0,50.0,141.0,1.0,5.0,4.0,-4.0,3.0,3.0,7.0,6.0,-4.0,5.0,538.1,717.3,1313.9,-179.2,1340000.0,695000.0,13.4,7.81,1.1,1.55,3.44,-0.45,1.325,2.27,2.495,2.03,1.55,3.44,2.495,308.0,0.0,-1.6,0,0,0,0,0,0,0,0,1,0,0,0,0,0,0,0,0,0,0,0,0,0,0,0,0,0,1,0,0,0,0,0,0,0,1.35,60
R0045,https://doi.org/10.1021/acsaem.1c01572,171,107.87,55.845,15.999,153.0,115.0,73.0,172.0,194.0,152.0,10.28,7.11,14.0,125.0,15.0,141.0,10.0,6.0,4.0,4.0,8.0,11.0,8.0,6.0,3.0,9.5,731.0,762.5,1313.9,-31.5,63000000.0,10000000.0,429.0,80.4,1.93,1.83,3.44,0.1,1.88,2.685,2.635,2.4,18.3,34.4,26.35,2680.0,-3.5,-1.45,0,1,0,0,0,0,0,0,0,0,0,0,0,0,0,0,0,0,0,0,0,0,0,1,0,0,0,0,0,0,0,0,0,0,1.1,147
R0046,https://doi.org/10.1021/acsaem.1c01572,171,55.845,138.91,15.999,115.0,169.0,73.0,194.0,240.0,152.0,7.11,22.6,14.0,15.0,48.0,141.0,6.0,1.0,4.0,5.0,3.5,8.0,3.0,6.0,5.0,5.5,762.5,538.1,1313.9,224.4,10000000.0,1340000.0,80.4,13.4,1.83,1.1,3.44,0.73,1.465,2.635,2.27,2.123333333,6.6,20.64,13.62,1704.0,-1.45,0.0,0,0,0,0,0,0,1,0,0,0,0,0,0,0,0,0,0,0,0,0,0,0,0,0,0,1,0,0,0,0,0,0,0,0,1.3,64
R0047,https://doi.org/10.1002/aenm.202200791,176,78.971,118.71,15.999,116.0,141.0,73.0,190.0,217.0,152.0,16.4,16.3,14.0,195.0,107.0,141.0,10.0,10.0,4.0,0.0,10.0,6.0,4.0,6.0,2.0,5.0,941.0,708.6,1313.9,232.4,1e-06,9170000.0,0.519,67.0,2.55,1.96,3.44,0.59,2.255,2.995,2.7,2.65,19.6,34.4,27.0,2570.0,0.0,0.0,0,0,0,0,0,0,0,0,0,0,0,0,0,0,1,0,0,0,0,0,0,0,0,0,0,0,0,0,0,0,0,0,1,0,1.0,80
R0048,https://doi.org/10.1002/aenm.202103910,177,78.971,118.71,15.999,116.0,141.0,73.0,190.0,217.0,152.0,16.4,16.3,14.0,195.0,107.0,141.0,10.0,10.0,4.0,0.0,10.0,6.0,4.0,6.0,2.0,5.0,941.0,708.6,1313.9,232.4,1e-06,9170000.0,0.519,67.0,2.55,1.96,3.44,0.59,2.255,2.995,2.7,2.65,19.6,34.4,27.0,2570.0,0.0,0.0,0,0,0,0,0,0,0,0,0,0,0,0,0,0,1,0,0,0,0,0,0,0,0,0,0,0,0,0,0,0,0,0,1,0,1.0,106
R0049,https://doi.org/10.1016/j.apcatb.2022.121844,181,127.6,208.98,15.999,135.0,148.0,73.0,206.0,207.0,152.0,20.5,21.31,14.0,190.2,91.2,141.0,10.0,10.0,4.0,0.0,10.0,6.0,5.0,6.0,1.0,5.5,869.3,703.0,1313.9,166.3,10000.0,900000.0,1.97,7.9,2.1,2.02,3.44,0.08,2.06,2.77,2.73,2.52,20.2,34.4,27.3,2830.0,0.0,0.0,0,0,0,0,0,0,0,0,0,0,0,0,0,0,0,0,1,0,0,1,0,0,0,0,0,0,0,0,0,0,0,0,0,0,0.92,188
R0050,https://doi.org/10.1002/aenm.202203660,183,55.845,0.0,14.007,115.0,0.0,75.0,194.0,0.0,155.0,7.11,0.0,17.3,15.0,0.0,-7.0,6.0,0.0,3.0,0.0,0.0,8.0,0.0,5.0,0.0,0.0,762.5,0.0,1402.3,0.0,10000000.0,0.0,80.4,0.0,1.83,0.0,3.04,0.0,0.0,2.435,0.0,0.0,0.0,18.24,0.0,0.0,-1.45,0.0,0,0,0,0,0,0,1,0,0,0,0,0,0,0,0,0,0,0,1,0,0,0,0,0,0,0,0,0,0,0,0,0,0,0,1.33,56
R0051,https://doi.org/10.1016/j.ensm.2023.102874,187,101.07,55.845,14.007,126.0,115.0,75.0,207.0,194.0,155.0,8.3,7.11,17.3,101.3,15.0,-7.0,7.0,6.0,3.0,1.0,6.5,8.0,8.0,5.0,0.0,8.0,710.2,762.5,1402.3,-52.3,13700000.0,10000000.0,117.0,80.4,2.2,1.83,3.04,0.37,2.015,2.62,2.435,2.356666667,12.81,21.28,17.045,1687.0,-1.2,-1.45,0,0,0,0,0,0,0,0,0,0,0,0,0,1,0,0,0,0,0,0,0,0,0,1,0,0,0,0,0,0,0,0,0,0,1.21,145
R0052,https://doi.org/10.1016/j.ensm.2023.102989,188,58.693,58.933,15.999,115.0,116.0,73.0,163.0,192.0,152.0,6.59,6.71,14.0,112.0,63.0,141.0,8.0,7.0,4.0,1.0,7.5,10.0,9.0,6.0,1.0,9.5,737.1,760.4,1313.9,-23.3,14400000.0,17200000.0,91.4,100.0,1.91,1.88,3.44,0.03,1.895,2.675,2.66,2.41,15.04,27.52,21.28,1848.0,-1.4,-1.3,0,0,0,0,0,0,0,0,0,0,0,1,0,0,0,0,0,0,0,0,0,1,0,0,0,0,0,0,0,0,0,0,0,0,1.1,104
R0053,https://doi.org/10.1016/j.ensm.2022.07.026,190,47.867,195.08,12.011,136.0,136.0,76.0,187.0,175.0,170.0,10.64,9.1,5.29,7.6,205.3,121.8,2.0,9.0,0.0,-7.0,5.5,4.0,10.0,4.0,-6.0,7.0,658.8,870.8,1086.5,-212.0,2340000.0,94000000.0,21.9,71.6,1.54,2.28,2.55,-0.74,1.91,2.045,2.415,2.123333333,4.56,5.1,4.83,544.0,-2.2,-2.2,0,0,0,0,0,0,0,0,0,0,0,0,0,0,0,0,0,1,0,0,0,0,0,0,0,0,0,0,0,0,1,0,0,0,1.1,90
R0054,https://doi.org/10.1016/S1872‐2067(23)64409‐2,191,58.693,58.933,15.999,115.0,116.0,73.0,163.0,192.0,152.0,6.59,6.71,14.0,112.0,63.0,141.0,8.0,7.0,4.0,1.0,7.5,10.0,9.0,6.0,1.0,9.5,737.1,760.4,1313.9,-23.3,14400000.0,17200000.0,91.4,100.0,1.91,1.88,3.44,0.03,1.895,2.675,2.66,2.41,15.04,27.52,21.28,1848.0,-1.4,-1.3,0,0,0,0,0,0,0,0,0,0,0,1,0,0,0,0,0,0,0,0,0,1,0,0,0,0,0,0,0,0,0,0,0,0,1.1,250
R0055,https://doi.org/10.1016/S1872‐2067(23)64409‐2,191,58.693,58.933,15.999,115.0,116.0,73.0,163.0,192.0,152.0,6.59,6.71,14.0,112.0,63.0,141.0,8.0,7.0,4.0,1.0,7.5,10.0,9.0,6.0,1.0,9.5,737.1,760.4,1313.9,-23.3,14400000.0,17200000.0,91.4,100.0,1.91,1.88,3.44,0.03,1.895,2.675,2.66,2.41,15.04,27.52,21.28,1848.0,-1.4,-1.3,0,0,0,0,0,0,0,0,0,0,0,1,0,0,0,0,0,0,0,0,0,1,0,0,0,0,0,0,0,0,0,0,0,0,1.15,160
R0056,https://doi.org/10.1016/j.jallcom.2023.170130,203,54.938,0.0,15.999,139.0,0.0,73.0,197.0,0.0,152.0,7.39,0.0,14.0,50.0,0.0,141.0,5.0,0.0,4.0,0.0,0.0,7.0,0.0,6.0,0.0,0.0,717.3,0.0,1313.9,0.0,695000.0,0.0,7.81,0.0,1.55,0.0,3.44,0.0,0.0,2.495,0.0,0.0,0.0,17.2,0.0,0.0,-1.6,0.0,0,0,0,0,0,0,0,0,0,1,0,0,0,0,0,0,0,0,1,0,0,0,0,0,0,0,0,0,0,0,0,0,0,0,1.29,62
R0057,https://doi.org/10.1002/smll.202205532,208,58.933,55.845,15.999,116.0,115.0,73.0,192.0,194.0,152.0,6.71,7.11,14.0,63.0,15.0,141.0,7.0,6.0,4.0,1.0,6.5,9.0,8.0,6.0,1.0,8.5,760.4,762.5,1313.9,-2.1,17200000.0,10000000.0,100.0,80.4,1.88,1.83,3.44,0.05,1.855,2.66,2.635,2.383333333,12.81,24.08,18.445,1890.0,-1.3,-1.45,0,0,0,1,0,0,0,0,0,0,0,0,0,0,0,0,0,0,0,0,0,0,0,1,0,0,0,0,0,0,0,0,0,0,1.08,280
R0058,https://doi.org/10.1016/j.electacta.2023.142096,209,58.933,95.95,14.007,116.0,139.0,75.0,192.0,209.0,155.0,6.71,9.38,17.3,63.0,72.0,-7.0,7.0,5.0,3.0,2.0,6.0,9.0,6.0,5.0,3.0,7.5,760.4,684.3,1402.3,76.1,17200000.0,18700000.0,100.0,138.0,1.88,2.16,3.04,-0.28,2.02,2.46,2.6,2.36,15.12,21.28,18.2,1918.0,-1.3,-1.6,0,0,0,1,0,0,0,0,0,0,0,0,0,0,0,0,0,0,0,0,0,0,0,0,0,0,0,1,0,0,0,0,0,0,0.99,182
R0059,https://doi.org/10.1016/j.electacta.2022.140147,211,58.933,0.0,14.007,116.0,0.0,75.0,192.0,0.0,155.0,6.71,0.0,17.3,63.0,0.0,-7.0,7.0,0.0,3.0,0.0,0.0,9.0,0.0,5.0,0.0,0.0,760.4,0.0,1402.3,0.0,17200000.0,0.0,100.0,0.0,1.88,0.0,3.04,0.0,0.0,2.46,0.0,0.0,0.0,21.28,0.0,0.0,-1.3,0.0,0,0,0,1,0,0,0,0,0,0,0,0,0,0,0,0,0,0,1,0,0,0,0,0,0,0,0,0,0,0,0,0,0,0,1.11,126
R0060,https://doi.org/10.1021/acsami.1c22643,214,58.933,55.845,14.007,116.0,115.0,75.0,192.0,194.0,155.0,6.71,7.11,17.3,63.0,15.0,-7.0,7.0,6.0,3.0,1.0,6.5,9.0,8.0,5.0,1.0,8.5,760.4,762.5,1402.3,-2.1,17200000.0,10000000.0,100.0,80.4,1.88,1.83,3.04,0.05,1.855,2.46,2.435,2.25,12.81,21.28,17.045,1890.0,-1.3,-1.45,0,0,0,1,0,0,0,0,0,0,0,0,0,0,0,0,0,0,0,0,0,0,0,1,0,0,0,0,0,0,0,0,0,0,1.0,250
R0061,https://doi.org/10.1016/j.jelechem.2022.116810,217,58.933,0.0,15.999,116.0,0.0,73.0,192.0,0.0,152.0,6.71,0.0,14.0,63.0,0.0,141.0,7.0,0.0,4.0,0.0,0.0,9.0,0.0,6.0,0.0,0.0,760.4,0.0,1313.9,0.0,17200000.0,0.0,100.0,0.0,1.88,0.0,3.44,0.0,0.0,2.66,0.0,0.0,0.0,24.08,0.0,0.0,-1.3,0.0,0,0,0,1,0,0,0,0,0,0,0,0,0,0,0,0,0,0,1,0,0,0,0,0,0,0,0,0,0,0,0,0,0,0,1.15,69
R0062,https://doi.org/10.1002/slct.202200870,225,58.933,58.693,15.999,116.0,115.0,73.0,192.0,163.0,152.0,6.71,6.59,14.0,63.0,112.0,141.0,7.0,8.0,4.0,-1.0,7.5,9.0,10.0,6.0,-1.0,9.5,760.4,737.1,1313.9,23.3,17200000.0,14400000.0,100.0,91.4,1.88,1.91,3.44,-0.03,1.895,2.66,2.675,2.41,13.37,24.08,18.725,1890.0,-1.3,-1.4,0,0,0,1,0,0,0,0,0,0,0,0,0,0,0,0,0,0,0,0,0,0,0,0,0,0,0,0,1,0,0,0,0,0,1.04,194
R0063,https://doi.org/10.1002/slct.202200870,225,58.693,0.0,14.007,115.0,0.0,75.0,163.0,0.0,155.0,6.59,0.0,17.3,112.0,0.0,-7.0,8.0,0.0,3.0,0.0,0.0,10.0,0.0,5.0,0.0,0.0,737.1,0.0,1402.3,0.0,14400000.0,0.0,91.4,0.0,1.91,0.0,3.04,0.0,0.0,2.475,0.0,0.0,0.0,24.32,0.0,0.0,-1.4,0.0,0,0,0,0,0,0,0,0,0,0,0,1,0,0,0,0,0,0,1,0,0,0,0,0,0,0,0,0,0,0,0,0,0,0,1.1,99
R0064,https://doi.org/10.1002/slct.202200870,225,58.933,0.0,14.007,116.0,0.0,75.0,192.0,0.0,155.0,6.71,0.0,17.3,63.0,0.0,-7.0,7.0,0.0,3.0,0.0,0.0,9.0,0.0,5.0,0.0,0.0,760.4,0.0,1402.3,0.0,17200000.0,0.0,100.0,0.0,1.88,0.0,3.04,0.0,0.0,2.46,0.0,0.0,0.0,21.28,0.0,0.0,-1.3,0.0,0,0,0,1,0,0,0,0,0,0,0,0,0,0,0,0,0,0,1,0,0,0,0,0,0,0,0,0,0,0,0,0,0,0,1.11,114
R0065,https://doi.org/10.1016/j.cej.2023.146775,227,208.98,114.82,32.06,148.0,142.0,102.0,207.0,193.0,180.0,21.31,15.76,15.5,91.2,38.9,200.4,10.0,10.0,4.0,0.0,10.0,5.0,3.0,6.0,2.0,4.0,703.0,558.3,999.6,144.7,900000.0,11600000.0,7.9,81.8,2.02,1.78,2.58,0.24,1.9,2.3,2.18,2.126666667,17.8,25.8,21.8,2900.0,0.0,0.0,0,0,1,0,0,0,0,0,0,0,0,0,0,0,0,0,0,0,0,0,0,0,0,0,1,0,0,0,0,0,0,0,0,0,1.0,100
R0066,https://doi.org/10.1073/pnas.2301439120/-/DCSupplemental,228,106.42,0.0,0.0,138.0,0.0,0.0,163.0,0.0,0.0,8.85,0.0,0.0,54.0,0.0,0.0,10.0,0.0,0.0,0.0,0.0,10.0,0.0,0.0,0.0,0.0,804.4,0.0,0.0,0.0,95000000.0,0.0,71.8,0.0,2.2,0.0,0.0,0.0,0.0,0.0,0.0,0.0,0.0,0.0,0.0,0.0,-2.0,0.0,0,0,0,0,0,0,0,0,0,0,0,0,1,0,0,0,0,0,1,0,0,0,0,0,0,0,0,0,0,0,0,0,0,0,1.11,105
R0067,https://doi.org/10.3390/nano12142386,229,58.693,0.0,15.999,115.0,0.0,73.0,163.0,0.0,152.0,6.59,0.0,14.0,112.0,0.0,141.0,8.0,0.0,4.0,0.0,0.0,10.0,0.0,6.0,0.0,0.0,737.1,0.0,1313.9,0.0,14400000.0,0.0,91.4,0.0,1.91,0.0,3.44,0.0,0.0,2.675,0.0,0.0,0.0,27.52,0.0,0.0,-1.4,0.0,0,0,0,0,0,0,0,0,0,0,0,1,0,0,0,0,0,0,1,0,0,0,0,0,0,0,0,0,0,0,0,0,0,0,1.2,81
R0068,https://doi.org/10.1021/acsami.2c19975,230,78.971,58.933,15.999,116.0,116.0,73.0,190.0,192.0,152.0,16.4,6.71,14.0,195.0,63.0,141.0,10.0,7.0,4.0,3.0,8.5,6.0,9.0,6.0,-3.0,7.5,941.0,760.4,1313.9,180.6,1e-06,17200000.0,0.519,100.0,2.55,1.88,3.44,0.67,2.215,2.995,2.66,2.623333333,18.8,34.4,26.6,2320.0,0.0,-1.3,0,0,0,0,0,0,0,0,0,0,0,0,0,0,1,0,0,0,0,0,0,1,0,0,0,0,0,0,0,0,0,0,0,0,1.03,91
R0069,https://doi.org/10.1021/acsami.2c19975,230,138.91,58.933,15.999,169.0,116.0,73.0,240.0,192.0,152.0,22.6,6.71,14.0,48.0,63.0,141.0,1.0,7.0,4.0,-6.0,4.0,3.0,9.0,6.0,-6.0,6.0,538.1,760.4,1313.9,-222.3,1340000.0,17200000.0,13.4,100.0,1.1,1.88,3.44,-0.78,1.49,2.27,2.66,2.14,1.88,3.44,2.66,285.0,0.0,-1.3,0,0,0,0,0,0,0,0,1,0,0,0,0,0,0,0,0,0,0,0,0,1,0,0,0,0,0,0,0,0,0,0,0,0,1.38,42
R0070,https://doi.org/10.1016/j.cej.2022.136852,236,58.933,58.693,15.999,116.0,115.0,73.0,192.0,163.0,152.0,6.71,6.59,14.0,63.0,112.0,141.0,7.0,8.0,4.0,-1.0,7.5,9.0,10.0,6.0,-1.0,9.5,760.4,737.1,1313.9,23.3,17200000.0,14400000.0,100.0,91.4,1.88,1.91,3.44,-0.03,1.895,2.66,2.675,2.41,13.37,24.08,18.725,1890.0,-1.3,-1.4,0,0,0,1,0,0,0,0,0,0,0,0,0,0,0,0,0,0,0,0,0,0,0,0,0,0,0,0,1,0,0,0,0,0,1.06,128
R0071,https://doi.org/10.1039/d2ta07061h,237,58.693,0.0,30.974,115.0,0.0,107.0,163.0,0.0,180.0,6.59,0.0,17.0,112.0,0.0,72.0,8.0,0.0,3.0,0.0,0.0,10.0,0.0,5.0,0.0,0.0,737.1,0.0,1011.8,0.0,14400000.0,0.0,91.4,0.0,1.91,0.0,2.19,0.0,0.0,2.05,0.0,0.0,0.0,17.52,0.0,0.0,-1.4,0.0,0,0,0,0,0,0,0,0,0,0,0,1,0,0,0,0,0,0,1,0,0,0,0,0,0,0,0,0,0,0,0,0,0,0,1.34,190
R0072,https://doi.org/10.1016/j.ijhydene.2023.12.023,241,58.933,0.0,30.974,116.0,0.0,107.0,192.0,0.0,180.0,6.71,0.0,17.0,63.0,0.0,72.0,7.0,0.0,3.0,0.0,0.0,9.0,0.0,5.0,0.0,0.0,760.4,0.0,1011.8,0.0,17200000.0,0.0,100.0,0.0,1.88,0.0,2.19,0.0,0.0,2.035,0.0,0.0,0.0,15.33,0.0,0.0,-1.3,0.0,0,0,0,1,0,0,0,0,0,0,0,0,0,0,0,0,0,0,1,0,0,0,0,0,0,0,0,0,0,0,0,0,0,0,1.4,205
R0073,https://doi.org/10.1016/j.jelechem.2022.116356,247,55.845,0.0,14.007,115.0,0.0,75.0,194.0,0.0,155.0,7.11,0.0,17.3,15.0,0.0,-7.0,6.0,0.0,3.0,0.0,0.0,8.0,0.0,5.0,0.0,0.0,762.5,0.0,1402.3,0.0,10000000.0,0.0,80.4,0.0,1.83,0.0,3.04,0.0,0.0,2.435,0.0,0.0,0.0,18.24,0.0,0.0,-1.45,0.0,0,0,0,0,0,0,1,0,0,0,0,0,0,0,0,0,0,0,1,0,0,0,0,0,0,0,0,0,0,0,0,0,0,0,1.3,130
R0074,https://doi.org/10.1002/smll.202204836,248,101.07,0.0,14.007,126.0,0.0,75.0,207.0,0.0,155.0,8.3,0.0,17.3,101.3,0.0,-7.0,7.0,0.0,3.0,0.0,0.0,8.0,0.0,5.0,0.0,0.0,710.2,0.0,1402.3,0.0,13700000.0,0.0,117.0,0.0,2.2,0.0,3.04,0.0,0.0,2.62,0.0,0.0,0.0,21.28,0.0,0.0,-1.2,0.0,0,0,0,0,0,0,0,0,0,0,0,0,0,1,0,0,0,0,1,0,0,0,0,0,0,0,0,0,0,0,0,0,0,0,1.25,115
R0075,https://doi.org/10.1002/smll.202204836,248,58.933,0.0,14.007,116.0,0.0,75.0,192.0,0.0,155.0,6.71,0.0,17.3,63.0,0.0,-7.0,7.0,0.0,3.0,0.0,0.0,9.0,0.0,5.0,0.0,0.0,760.4,0.0,1402.3,0.0,17200000.0,0.0,100.0,0.0,1.88,0.0,3.04,0.0,0.0,2.46,0.0,0.0,0.0,21.28,0.0,0.0,-1.3,0.0,0,0,0,1,0,0,0,0,0,0,0,0,0,0,0,0,0,0,1,0,0,0,0,0,0,0,0,0,0,0,0,0,0,0,1.18,165
R0076,https://doi.org/10.1002/admi.202102110,252,58.933,58.693,14.007,116.0,115.0,75.0,192.0,163.0,155.0,6.71,6.59,17.3,63.0,112.0,-7.0,7.0,8.0,3.0,-1.0,7.5,9.0,10.0,5.0,-1.0,9.5,760.4,737.1,1402.3,23.3,17200000.0,14400000.0,100.0,91.4,1.88,1.91,3.04,-0.03,1.895,2.46,2.475,2.276666667,13.37,21.28,17.325,1890.0,-1.3,-1.4,0,0,0,1,0,0,0,0,0,0,0,0,0,0,0,0,0,0,0,0,0,0,0,0,0,0,0,0,1,0,0,0,0,0,0.98,150
R0077,https://doi.org/10.1002/admi.202102110,252,58.693,0.0,14.007,115.0,0.0,75.0,163.0,0.0,155.0,6.59,0.0,17.3,112.0,0.0,-7.0,8.0,0.0,3.0,0.0,0.0,10.0,0.0,5.0,0.0,0.0,737.1,0.0,1402.3,0.0,14400000.0,0.0,91.4,0.0,1.91,0.0,3.04,0.0,0.0,2.475,0.0,0.0,0.0,24.32,0.0,0.0,-1.4,0.0,0,0,0,0,0,0,0,0,0,0,0,1,0,0,0,0,0,0,1,0,0,0,0,0,0,0,0,0,0,0,0,0,0,0,1.04,81
R0078,https://doi.org/10.1016/j.cej.2022.137684,259,138.91,58.933,15.999,169.0,116.0,73.0,240.0,192.0,152.0,22.6,6.71,14.0,48.0,63.0,141.0,1.0,7.0,4.0,-6.0,4.0,3.0,9.0,6.0,-6.0,6.0,538.1,760.4,1313.9,-222.3,1340000.0,17200000.0,13.4,100.0,1.1,1.88,3.44,-0.78,1.49,2.27,2.66,2.14,1.88,3.44,2.66,285.0,0.0,-1.3,0,0,0,0,0,0,0,0,1,0,0,0,0,0,0,0,0,0,0,0,0,1,0,0,0,0,0,0,0,0,0,0,0,0,1.29,157
R0079,https://doi.org/10.1016/j.cej.2022.137684,259,55.845,138.91,15.999,115.0,169.0,73.0,194.0,240.0,152.0,7.11,22.6,14.0,15.0,48.0,141.0,6.0,1.0,4.0,5.0,3.5,8.0,3.0,6.0,5.0,5.5,762.5,538.1,1313.9,224.4,10000000.0,1340000.0,80.4,13.4,1.83,1.1,3.44,0.73,1.465,2.635,2.27,2.123333333,6.6,20.64,13.62,1704.0,-1.45,0.0,0,0,0,0,0,0,1,0,0,0,0,0,0,0,0,0,0,0,0,0,0,0,0,0,0,1,0,0,0,0,0,0,0,0,1.41,57
R0080,https://doi.org/10.1016/j.est.2023.107329,270,118.71,138.91,15.999,141.0,169.0,73.0,217.0,240.0,152.0,16.3,22.6,14.0,107.0,48.0,141.0,10.0,1.0,4.0,9.0,5.5,4.0,3.0,6.0,1.0,3.5,708.6,538.1,1313.9,170.5,9170000.0,1340000.0,67.0,13.4,1.96,1.1,3.44,0.86,1.53,2.7,2.27,2.166666667,11.0,34.4,22.7,3100.0,0.0,0.0,0,0,0,0,0,0,0,0,0,0,0,0,0,0,0,1,0,0,0,0,0,0,0,0,0,1,0,0,0,0,0,0,0,0,1.01,54
R0081,https://doi.org/10.1021/acs.jpcc.3c01042,281,101.07,0.0,15.999,126.0,0.0,73.0,207.0,0.0,152.0,8.3,0.0,14.0,101.3,0.0,141.0,7.0,0.0,4.0,0.0,0.0,8.0,0.0,6.0,0.0,0.0,710.2,0.0,1313.9,0.0,13700000.0,0.0,117.0,0.0,2.2,0.0,3.44,0.0,0.0,2.82,0.0,0.0,0.0,24.08,0.0,0.0,-1.2,0.0,0,0,0,0,0,0,0,0,0,0,0,0,0,1,0,0,0,0,1,0,0,0,0,0,0,0,0,0,0,0,0,0,0,0,1.2,85
R0082,https://doi.org/10.1021/acs.jpcc.3c01042,281,101.07,0.0,15.999,126.0,0.0,73.0,207.0,0.0,152.0,8.3,0.0,14.0,101.3,0.0,141.0,7.0,0.0,4.0,0.0,0.0,8.0,0.0,6.0,0.0,0.0,710.2,0.0,1313.9,0.0,13700000.0,0.0,117.0,0.0,2.2,0.0,3.44,0.0,0.0,2.82,0.0,0.0,0.0,24.08,0.0,0.0,-1.2,0.0,0,0,0,0,0,0,0,0,0,0,0,0,0,1,0,0,0,0,1,0,0,0,0,0,0,0,0,0,0,0,0,0,0,0,1.25,67
R0083,https://doi.org/10.1021/acs.jpcc.3c01042,281,101.07,0.0,15.999,126.0,0.0,73.0,207.0,0.0,152.0,8.3,0.0,14.0,101.3,0.0,141.0,7.0,0.0,4.0,0.0,0.0,8.0,0.0,6.0,0.0,0.0,710.2,0.0,1313.9,0.0,13700000.0,0.0,117.0,0.0,2.2,0.0,3.44,0.0,0.0,2.82,0.0,0.0,0.0,24.08,0.0,0.0,-1.2,0.0,0,0,0,0,0,0,0,0,0,0,0,0,0,1,0,0,0,0,1,0,0,0,0,0,0,0,0,0,0,0,0,0,0,0,1.25,71
R0084,https://doi.org/10.1021/acsami.3c01599,283,54.938,0.0,15.999,139.0,0.0,73.0,197.0,0.0,152.0,7.39,0.0,14.0,50.0,0.0,141.0,5.0,0.0,4.0,0.0,0.0,7.0,0.0,6.0,0.0,0.0,717.3,0.0,1313.9,0.0,695000.0,0.0,7.81,0.0,1.55,0.0,3.44,0.0,0.0,2.495,0.0,0.0,0.0,17.2,0.0,0.0,-1.6,0.0,0,0,0,0,0,0,0,0,0,1,0,0,0,0,0,0,0,0,1,0,0,0,0,0,0,0,0,0,0,0,0,0,0,0,1.17,53
R0085,https://doi.org/10.1021/jacs.2c11676,287,58.693,0.0,14.007,115.0,0.0,75.0,163.0,0.0,155.0,6.59,0.0,17.3,112.0,0.0,-7.0,8.0,0.0,3.0,0.0,0.0,10.0,0.0,5.0,0.0,0.0,737.1,0.0,1402.3,0.0,14400000.0,0.0,91.4,0.0,1.91,0.0,3.04,0.0,0.0,2.475,0.0,0.0,0.0,24.32,0.0,0.0,-1.4,0.0,0,0,0,0,0,0,0,0,0,0,0,1,0,0,0,0,0,0,1,0,0,0,0,0,0,0,0,0,0,0,0,0,0,0,1.05,150
R0086,https://doi.org/10.1016/j.est.2023.109342,288,58.933,0.0,30.974,116.0,0.0,107.0,192.0,0.0,180.0,6.71,0.0,17.0,63.0,0.0,72.0,7.0,0.0,3.0,0.0,0.0,9.0,0.0,5.0,0.0,0.0,760.4,0.0,1011.8,0.0,17200000.0,0.0,100.0,0.0,1.88,0.0,2.19,0.0,0.0,2.035,0.0,0.0,0.0,15.33,0.0,0.0,-1.3,0.0,0,0,0,1,0,0,0,0,0,0,0,0,0,0,0,0,0,0,1,0,0,0,0,0,0,0,0,0,0,0,0,0,0,0,1.35,187
R0087,https://doi.org/10.1016/j.est.2023.109342,288,58.933,0.0,30.974,116.0,0.0,107.0,192.0,0.0,180.0,6.71,0.0,17.0,63.0,0.0,72.0,7.0,0.0,3.0,0.0,0.0,9.0,0.0,5.0,0.0,0.0,760.4,0.0,1011.8,0.0,17200000.0,0.0,100.0,0.0,1.88,0.0,2.19,0.0,0.0,2.035,0.0,0.0,0.0,15.33,0.0,0.0,-1.3,0.0,0,0,0,1,0,0,0,0,0,0,0,0,0,0,0,0,0,0,1,0,0,0,0,0,0,0,0,0,0,0,0,0,0,0,1.5,106
R0088,https://doi.org/10.1016/j.est.2023.109342,288,58.933,0.0,30.974,116.0,0.0,107.0,192.0,0.0,180.0,6.71,0.0,17.0,63.0,0.0,72.0,7.0,0.0,3.0,0.0,0.0,9.0,0.0,5.0,0.0,0.0,760.4,0.0,1011.8,0.0,17200000.0,0.0,100.0,0.0,1.88,0.0,2.19,0.0,0.0,2.035,0.0,0.0,0.0,15.33,0.0,0.0,-1.3,0.0,0,0,0,1,0,0,0,0,0,0,0,0,0,0,0,0,0,0,1,0,0,0,0,0,0,0,0,0,0,0,0,0,0,0,1.4,121
R0089,https://doi.org/10.1016/j.jcis.2022.12.148,290,55.845,0.0,14.007,115.0,0.0,75.0,194.0,0.0,155.0,7.11,0.0,17.3,15.0,0.0,-7.0,6.0,0.0,3.0,0.0,0.0,8.0,0.0,5.0,0.0,0.0,762.5,0.0,1402.3,0.0,10000000.0,0.0,80.4,0.0,1.83,0.0,3.04,0.0,0.0,2.435,0.0,0.0,0.0,18.24,0.0,0.0,-1.45,0.0,0,0,0,0,0,0,1,0,0,0,0,0,0,0,0,0,0,0,1,0,0,0,0,0,0,0,0,0,0,0,0,0,0,0,1.28,51
R0090,https://doi.org/10.1016/j.cej.2022.139524,295,58.693,0.0,15.999,115.0,0.0,73.0,163.0,0.0,152.0,6.59,0.0,14.0,112.0,0.0,141.0,8.0,0.0,4.0,0.0,0.0,10.0,0.0,6.0,0.0,0.0,737.1,0.0,1313.9,0.0,14400000.0,0.0,91.4,0.0,1.91,0.0,3.44,0.0,0.0,2.675,0.0,0.0,0.0,27.52,0.0,0.0,-1.4,0.0,0,0,0,0,0,0,0,0,0,0,0,1,0,0,0,0,0,0,1,0,0,0,0,0,0,0,0,0,0,0,0,0,0,0,1.22,201
R0091,https://doi.org/10.1039/d1qi01260f,296,58.933,0.0,15.999,116.0,0.0,73.0,192.0,0.0,152.0,6.71,0.0,14.0,63.0,0.0,141.0,7.0,0.0,4.0,0.0,0.0,9.0,0.0,6.0,0.0,0.0,760.4,0.0,1313.9,0.0,17200000.0,0.0,100.0,0.0,1.88,0.0,3.44,0.0,0.0,2.66,0.0,0.0,0.0,24.08,0.0,0.0,-1.3,0.0,0,0,0,1,0,0,0,0,0,0,0,0,0,0,0,0,0,0,1,0,0,0,0,0,0,0,0,0,0,0,0,0,0,0,1.23,180
R0092,https://doi.org/10.1016/j.carbon.2022.04.080,298,55.845,0.0,14.007,115.0,0.0,75.0,194.0,0.0,155.0,7.11,0.0,17.3,15.0,0.0,-7.0,6.0,0.0,3.0,0.0,0.0,8.0,0.0,5.0,0.0,0.0,762.5,0.0,1402.3,0.0,10000000.0,0.0,80.4,0.0,1.83,0.0,3.04,0.0,0.0,2.435,0.0,0.0,0.0,18.24,0.0,0.0,-1.45,0.0,0,0,0,0,0,0,1,0,0,0,0,0,0,0,0,0,0,0,1,0,0,0,0,0,0,0,0,0,0,0,0,0,0,0,1.32,50
R0093,https://doi.org/10.1016/j.jallcom.2022.163703,301,78.971,58.693,15.999,116.0,115.0,73.0,190.0,163.0,152.0,16.4,6.59,14.0,195.0,112.0,141.0,10.0,8.0,4.0,2.0,9.0,6.0,10.0,6.0,-4.0,8.0,941.0,737.1,1313.9,203.9,1e-06,14400000.0,0.519,91.4,2.55,1.91,3.44,0.64,2.23,2.995,2.675,2.633333333,19.1,34.4,26.75,2310.0,0.0,-1.4,0,0,0,0,0,0,0,0,0,0,0,0,0,0,1,0,0,0,0,0,0,0,0,0,0,0,0,0,1,0,0,0,0,0,1.09,90
R0094,https://doi.org/10.1016/j.electacta.2022.140894,304,101.07,0.0,15.999,126.0,0.0,73.0,207.0,0.0,152.0,8.3,0.0,14.0,101.3,0.0,141.0,7.0,0.0,4.0,0.0,0.0,8.0,0.0,6.0,0.0,0.0,710.2,0.0,1313.9,0.0,13700000.0,0.0,117.0,0.0,2.2,0.0,3.44,0.0,0.0,2.82,0.0,0.0,0.0,24.08,0.0,0.0,-1.2,0.0,0,0,0,0,0,0,0,0,0,0,0,0,0,1,0,0,0,0,1,0,0,0,0,0,0,0,0,0,0,0,0,0,0,0,1.05,72
R0095,https://doi.org/10.1002/smll.202206611,305,47.867,0.0,12.011,136.0,0.0,76.0,187.0,0.0,170.0,10.64,0.0,5.29,7.6,0.0,121.8,2.0,0.0,0.0,0.0,0.0,4.0,0.0,4.0,0.0,0.0,658.8,0.0,1086.5,0.0,2340000.0,0.0,21.9,0.0,1.54,0.0,2.55,0.0,0.0,2.045,0.0,0.0,0.0,5.1,0.0,0.0,-2.2,0.0,0,0,0,0,0,0,0,0,0,0,0,0,0,0,0,0,0,1,1,0,0,0,0,0,0,0,0,0,0,0,0,0,0,0,0.98,152
R0096,https://doi.org/10.1002/adsu.202300510,307,58.933,54.938,15.999,116.0,139.0,73.0,192.0,197.0,152.0,6.71,7.39,14.0,63.0,50.0,141.0,7.0,5.0,4.0,2.0,6.0,9.0,7.0,6.0,2.0,8.0,760.4,717.3,1313.9,43.1,17200000.0,695000.0,100.0,7.81,1.88,1.55,3.44,0.33,1.715,2.66,2.495,2.29,10.85,24.08,17.465,1918.0,-1.3,-1.6,0,0,0,1,0,0,0,0,0,0,0,0,0,0,0,0,0,0,0,0,0,0,0,0,0,0,1,0,0,0,0,0,0,0,0.95,50
R0097,https://doi.org/10.1002/adsu.202300510,307,54.938,0.0,15.999,139.0,0.0,73.0,197.0,0.0,152.0,7.39,0.0,14.0,50.0,0.0,141.0,5.0,0.0,4.0,0.0,0.0,7.0,0.0,6.0,0.0,0.0,717.3,0.0,1313.9,0.0,695000.0,0.0,7.81,0.0,1.55,0.0,3.44,0.0,0.0,2.495,0.0,0.0,0.0,17.2,0.0,0.0,-1.6,0.0,0,0,0,0,0,0,0,0,0,1,0,0,0,0,0,0,0,0,1,0,0,0,0,0,0,0,0,0,0,0,0,0,0,0,1.2,53
R0098,https://doi.org/10.1002/adsu.202300510,307,54.938,0.0,15.999,139.0,0.0,73.0,197.0,0.0,152.0,7.39,0.0,14.0,50.0,0.0,141.0,5.0,0.0,4.0,0.0,0.0,7.0,0.0,6.0,0.0,0.0,717.3,0.0,1313.9,0.0,695000.0,0.0,7.81,0.0,1.55,0.0,3.44,0.0,0.0,2.495,0.0,0.0,0.0,17.2,0.0,0.0,-1.6,0.0,0,0,0,0,0,0,0,0,0,1,0,0,0,0,0,0,0,0,1,0,0,0,0,0,0,0,0,0,0,0,0,0,0,0,1.25,10
R0099,https://doi.org/10.1021/acsami.2c19975,311,138.91,58.933,15.999,169.0,116.0,73.0,240.0,192.0,152.0,22.6,6.71,14.0,48.0,63.0,141.0,1.0,7.0,4.0,-6.0,4.0,3.0,9.0,6.0,-6.0,6.0,538.1,760.4,1313.9,-222.3,1340000.0,17200000.0,13.4,100.0,1.1,1.88,3.44,-0.78,1.49,2.27,2.66,2.14,1.88,3.44,2.66,285.0,0.0,-1.3,0,0,0,0,0,0,0,0,1,0,0,0,0,0,0,0,0,0,0,0,0,1,0,0,0,0,0,0,0,0,0,0,0,0,1.38,42
R0100,https://doi.org/10.1021/acscatal.2c02544,312,54.938,0.0,15.999,139.0,0.0,73.0,197.0,0.0,152.0,7.39,0.0,14.0,50.0,0.0,141.0,5.0,0.0,4.0,0.0,0.0,7.0,0.0,6.0,0.0,0.0,717.3,0.0,1313.9,0.0,695000.0,0.0,7.81,0.0,1.55,0.0,3.44,0.0,0.0,2.495,0.0,0.0,0.0,17.2,0.0,0.0,-1.6,0.0,0,0,0,0,0,0,0,0,0,1,0,0,0,0,0,0,0,0,1,0,0,0,0,0,0,0,0,0,0,0,0,0,0,0,1.15,63
R0101,https://doi.org/10.1021/acscatal.2c02544,312,54.938,0.0,15.999,139.0,0.0,73.0,197.0,0.0,152.0,7.39,0.0,14.0,50.0,0.0,141.0,5.0,0.0,4.0,0.0,0.0,7.0,0.0,6.0,0.0,0.0,717.3,0.0,1313.9,0.0,695000.0,0.0,7.81,0.0,1.55,0.0,3.44,0.0,0.0,2.495,0.0,0.0,0.0,17.2,0.0,0.0,-1.6,0.0,0,0,0,0,0,0,0,0,0,1,0,0,0,0,0,0,0,0,1,0,0,0,0,0,0,0,0,0,0,0,0,0,0,0,1.15,14
R0102,https://doi.org/10.1126/sciadv.abq6261,316,101.07,0.0,15.999,126.0,0.0,73.0,207.0,0.0,152.0,8.3,0.0,14.0,101.3,0.0,141.0,7.0,0.0,4.0,0.0,0.0,8.0,0.0,6.0,0.0,0.0,710.2,0.0,1313.9,0.0,13700000.0,0.0,117.0,0.0,2.2,0.0,3.44,0.0,0.0,2.82,0.0,0.0,0.0,24.08,0.0,0.0,-1.2,0.0,0,0,0,0,0,0,0,0,0,0,0,0,0,1,0,0,0,0,1,0,0,0,0,0,0,0,0,0,0,0,0,0,0,0,1.2,81
R0103,https://doi.org/10.1007/s12274-022-5330-2,317,58.933,0.0,15.999,116.0,0.0,73.0,192.0,0.0,152.0,6.71,0.0,14.0,63.0,0.0,141.0,7.0,0.0,4.0,0.0,0.0,9.0,0.0,6.0,0.0,0.0,760.4,0.0,1313.9,0.0,17200000.0,0.0,100.0,0.0,1.88,0.0,3.44,0.0,0.0,2.66,0.0,0.0,0.0,24.08,0.0,0.0,-1.3,0.0,0,0,0,1,0,0,0,0,0,0,0,0,0,0,0,0,0,0,1,0,0,0,0,0,0,0,0,0,0,0,0,0,0,0,1.2,64
R0104,https://doi.org/10.1007/s12274-022-5330-2,317,58.693,58.933,15.999,115.0,116.0,73.0,163.0,192.0,152.0,6.59,6.71,14.0,112.0,63.0,141.0,8.0,7.0,4.0,1.0,7.5,10.0,9.0,6.0,1.0,9.5,737.1,760.4,1313.9,-23.3,14400000.0,17200000.0,91.4,100.0,1.91,1.88,3.44,0.03,1.895,2.675,2.66,2.41,15.04,27.52,21.28,1848.0,-1.4,-1.3,0,0,0,0,0,0,0,0,0,0,0,1,0,0,0,0,0,0,0,0,0,1,0,0,0,0,0,0,0,0,0,0,0,0,1.15,90
R0105,https://doi.org/10.1007/s12274-022-5330-2,317,58.933,0.0,15.999,116.0,0.0,73.0,192.0,0.0,152.0,6.71,0.0,14.0,63.0,0.0,141.0,7.0,0.0,4.0,0.0,0.0,9.0,0.0,6.0,0.0,0.0,760.4,0.0,1313.9,0.0,17200000.0,0.0,100.0,0.0,1.88,0.0,3.44,0.0,0.0,2.66,0.0,0.0,0.0,24.08,0.0,0.0,-1.3,0.0,0,0,0,1,0,0,0,0,0,0,0,0,0,0,0,0,0,0,1,0,0,0,0,0,0,0,0,0,0,0,0,0,0,0,1.1,90
R0106,https://doi.org/10.1007/s12274-022-5330-2,317,58.693,58.933,15.999,115.0,116.0,73.0,163.0,192.0,152.0,6.59,6.71,14.0,112.0,63.0,141.0,8.0,7.0,4.0,1.0,7.5,10.0,9.0,6.0,1.0,9.5,737.1,760.4,1313.9,-23.3,14400000.0,17200000.0,91.4,100.0,1.91,1.88,3.44,0.03,1.895,2.675,2.66,2.41,15.04,27.52,21.28,1848.0,-1.4,-1.3,0,0,0,0,0,0,0,0,0,0,0,1,0,0,0,0,0,0,0,0,0,1,0,0,0,0,0,0,0,0,0,0,0,0,1.08,220
R0107,https://doi.org/10.1016/j.ensm.2023.102829,320,51.996,138.91,15.999,135.0,169.0,73.0,189.0,240.0,152.0,7.23,22.6,14.0,64.3,48.0,141.0,5.0,1.0,4.0,4.0,3.0,6.0,3.0,6.0,3.0,4.5,652.9,538.1,1313.9,114.8,7670000.0,1340000.0,93.7,13.4,1.66,1.1,3.44,0.56,1.38,2.55,2.27,2.066666667,5.5,17.2,11.35,1520.0,-1.7,0.0,0,0,0,0,1,0,0,0,0,0,0,0,0,0,0,0,0,0,0,0,0,0,0,0,0,1,0,0,0,0,0,0,0,0,1.2,80
R0108,https://doi.org/10.1016/j.cej.2022.138462,322,58.693,0.0,15.999,115.0,0.0,73.0,163.0,0.0,152.0,6.59,0.0,14.0,112.0,0.0,141.0,8.0,0.0,4.0,0.0,0.0,10.0,0.0,6.0,0.0,0.0,737.1,0.0,1313.9,0.0,14400000.0,0.0,91.4,0.0,1.91,0.0,3.44,0.0,0.0,2.675,0.0,0.0,0.0,27.52,0.0,0.0,-1.4,0.0,0,0,0,0,0,0,0,0,0,0,0,1,0,0,0,0,0,0,1,0,0,0,0,0,0,0,0,0,0,0,0,0,0,0,1.17,400
R0109,https://doi.org/10.1002/smll.202302598,323,95.95,0.0,32.06,139.0,0.0,102.0,209.0,0.0,180.0,9.38,0.0,15.5,72.0,0.0,200.4,5.0,0.0,4.0,0.0,0.0,6.0,0.0,6.0,0.0,0.0,684.3,0.0,999.6,0.0,18700000.0,0.0,138.0,0.0,2.16,0.0,2.58,0.0,0.0,2.37,0.0,0.0,0.0,12.9,0.0,0.0,-1.6,0.0,0,0,0,0,0,0,0,0,0,0,1,0,0,0,0,0,0,0,1,0,0,0,0,0,0,0,0,0,0,0,0,0,0,0,1.25,105
R0110,https://doi.org/10.1002/adma.202106436,337,51.996,106.42,15.999,135.0,138.0,73.0,189.0,163.0,152.0,7.23,8.85,14.0,64.3,54.0,141.0,5.0,10.0,4.0,-5.0,7.5,6.0,10.0,6.0,-4.0,8.0,652.9,804.4,1313.9,-151.5,7670000.0,95000000.0,93.7,71.8,1.66,2.2,3.44,-0.54,1.93,2.55,2.82,2.433333333,11.0,17.2,14.1,1365.0,-1.7,-2.0,0,0,0,0,1,0,0,0,0,0,0,0,0,0,0,0,0,0,0,0,0,0,0,0,0,0,0,0,0,1,0,0,0,0,1.2,53
R0111,https://doi.org/10.1016/j.apcatb.2022.122203,338,55.845,0.0,14.007,115.0,0.0,75.0,194.0,0.0,155.0,7.11,0.0,17.3,15.0,0.0,-7.0,6.0,0.0,3.0,0.0,0.0,8.0,0.0,5.0,0.0,0.0,762.5,0.0,1402.3,0.0,10000000.0,0.0,80.4,0.0,1.83,0.0,3.04,0.0,0.0,2.435,0.0,0.0,0.0,18.24,0.0,0.0,-1.45,0.0,0,0,0,0,0,0,1,0,0,0,0,0,0,0,0,0,0,0,1,0,0,0,0,0,0,0,0,0,0,0,0,0,0,0,1.25,162
R0112,https://doi.org/10.1021/acsnano.3c05782,342,58.693,55.845,15.999,115.0,115.0,73.0,163.0,194.0,152.0,6.59,7.11,14.0,112.0,15.0,141.0,8.0,6.0,4.0,2.0,7.0,10.0,8.0,6.0,2.0,9.0,737.1,762.5,1313.9,-25.4,14400000.0,10000000.0,91.4,80.4,1.91,1.83,3.44,0.08,1.87,2.675,2.635,2.393333333,14.64,27.52,21.08,1840.0,-1.4,-1.45,0,0,0,0,0,0,0,0,0,0,0,1,0,0,0,0,0,0,0,0,0,0,0,1,0,0,0,0,0,0,0,0,0,0,1.12,275
R0113,https://doi.org/10.1039/d2ta03604e,344,58.933,58.693,15.999,116.0,115.0,73.0,192.0,163.0,152.0,6.71,6.59,14.0,63.0,112.0,141.0,7.0,8.0,4.0,-1.0,7.5,9.0,10.0,6.0,-1.0,9.5,760.4,737.1,1313.9,23.3,17200000.0,14400000.0,100.0,91.4,1.88,1.91,3.44,-0.03,1.895,2.66,2.675,2.41,13.37,24.08,18.725,1890.0,-1.3,-1.4,0,0,0,1,0,0,0,0,0,0,0,0,0,0,0,0,0,0,0,0,0,0,0,0,0,0,0,0,1,0,0,0,0,0,0.85,250
R0114,https://doi.org/10.1016/j.compositesb.2022.109727,351,101.07,0.0,15.999,126.0,0.0,73.0,207.0,0.0,152.0,8.3,0.0,14.0,101.3,0.0,141.0,7.0,0.0,4.0,0.0,0.0,8.0,0.0,6.0,0.0,0.0,710.2,0.0,1313.9,0.0,13700000.0,0.0,117.0,0.0,2.2,0.0,3.44,0.0,0.0,2.82,0.0,0.0,0.0,24.08,0.0,0.0,-1.2,0.0,0,0,0,0,0,0,0,0,0,0,0,0,0,1,0,0,0,0,1,0,0,0,0,0,0,0,0,0,0,0,0,0,0,0,1.1,98
R0115,https://doi.org/10.1016/j.ensm.2022.05.029,352,58.693,0.0,15.999,115.0,0.0,73.0,163.0,0.0,152.0,6.59,0.0,14.0,112.0,0.0,141.0,8.0,0.0,4.0,0.0,0.0,10.0,0.0,6.0,0.0,0.0,737.1,0.0,1313.9,0.0,14400000.0,0.0,91.4,0.0,1.91,0.0,3.44,0.0,0.0,2.675,0.0,0.0,0.0,27.52,0.0,0.0,-1.4,0.0,0,0,0,0,0,0,0,0,0,0,0,1,0,0,0,0,0,0,1,0,0,0,0,0,0,0,0,0,0,0,0,0,0,0,1.14,300
R0116,https://doi.org/10.1016/j.cej.2023.143351,357,95.95,54.938,32.06,139.0,139.0,102.0,209.0,197.0,180.0,9.38,7.39,15.5,72.0,50.0,200.4,5.0,5.0,4.0,0.0,5.0,6.0,7.0,6.0,-1.0,6.5,684.3,717.3,999.6,-33.0,18700000.0,695000.0,138.0,7.81,2.16,1.55,2.58,0.61,1.855,2.37,2.065,2.096666667,7.75,12.9,10.325,1390.0,-1.6,-1.6,0,0,0,0,0,0,0,0,0,0,1,0,0,0,0,0,0,0,0,0,0,0,0,0,0,0,1,0,0,0,0,0,0,0,1.23,60
R0117,https://doi.org/10.1002/adfm.202209876,358,95.95,0.0,30.974,139.0,0.0,107.0,209.0,0.0,180.0,9.38,0.0,17.0,72.0,0.0,72.0,5.0,0.0,3.0,0.0,0.0,6.0,0.0,5.0,0.0,0.0,684.3,0.0,1011.8,0.0,18700000.0,0.0,138.0,0.0,2.16,0.0,2.19,0.0,0.0,2.175,0.0,0.0,0.0,10.95,0.0,0.0,-1.6,0.0,0,0,0,0,0,0,0,0,0,0,1,0,0,0,0,0,0,0,1,0,0,0,0,0,0,0,0,0,0,0,0,0,0,0,1.18,95
R0118,https://doi.org/10.1002/smll.202106707,361,58.693,0.0,30.974,115.0,0.0,107.0,163.0,0.0,180.0,6.59,0.0,17.0,112.0,0.0,72.0,8.0,0.0,3.0,0.0,0.0,10.0,0.0,5.0,0.0,0.0,737.1,0.0,1011.8,0.0,14400000.0,0.0,91.4,0.0,1.91,0.0,2.19,0.0,0.0,2.05,0.0,0.0,0.0,17.52,0.0,0.0,-1.4,0.0,0,0,0,0,0,0,0,0,0,0,0,1,0,0,0,0,0,0,1,0,0,0,0,0,0,0,0,0,0,0,0,0,0,0,1.42,190
R0119,https://doi.org/10.1021/acsaem.3c02592,365,58.933,0.0,14.007,116.0,0.0,75.0,192.0,0.0,155.0,6.71,0.0,17.3,63.0,0.0,-7.0,7.0,0.0,3.0,0.0,0.0,9.0,0.0,5.0,0.0,0.0,760.4,0.0,1402.3,0.0,17200000.0,0.0,100.0,0.0,1.88,0.0,3.04,0.0,0.0,2.46,0.0,0.0,0.0,21.28,0.0,0.0,-1.3,0.0,0,0,0,1,0,0,0,0,0,0,0,0,0,0,0,0,0,0,1,0,0,0,0,0,0,0,0,0,0,0,0,0,0,0,0.98,120
R0120,https://doi.org/10.1002/aenm.202204057,375,58.933,58.693,32.06,116.0,115.0,102.0,192.0,163.0,180.0,6.71,6.59,15.5,63.0,112.0,200.4,7.0,8.0,4.0,-1.0,7.5,9.0,10.0,6.0,-1.0,9.5,760.4,737.1,999.6,23.3,17200000.0,14400000.0,100.0,91.4,1.88,1.91,2.58,-0.03,1.895,2.23,2.245,2.123333333,13.37,18.06,15.715,1890.0,-1.3,-1.4,0,0,0,1,0,0,0,0,0,0,0,0,0,0,0,0,0,0,0,0,0,0,0,0,0,0,0,0,1,0,0,0,0,0,1.3,230
R0121,https://doi.org/10.1002/aenm.202204057,375,58.693,0.0,32.06,115.0,0.0,102.0,163.0,0.0,180.0,6.59,0.0,15.5,112.0,0.0,200.4,8.0,0.0,4.0,0.0,0.0,10.0,0.0,6.0,0.0,0.0,737.1,0.0,999.6,0.0,14400000.0,0.0,91.4,0.0,1.91,0.0,2.58,0.0,0.0,2.245,0.0,0.0,0.0,20.64,0.0,0.0,-1.4,0.0,0,0,0,0,0,0,0,0,0,0,0,1,0,0,0,0,0,0,1,0,0,0,0,0,0,0,0,0,0,0,0,0,0,0,1.4,148
R0122,https://doi.org/10.1002/aenm.202204057,375,58.933,0.0,32.06,116.0,0.0,102.0,192.0,0.0,180.0,6.71,0.0,15.5,63.0,0.0,200.4,7.0,0.0,4.0,0.0,0.0,9.0,0.0,6.0,0.0,0.0,760.4,0.0,999.6,0.0,17200000.0,0.0,100.0,0.0,1.88,0.0,2.58,0.0,0.0,2.23,0.0,0.0,0.0,18.06,0.0,0.0,-1.3,0.0,0,0,0,1,0,0,0,0,0,0,0,0,0,0,0,0,0,0,1,0,0,0,0,0,0,0,0,0,0,0,0,0,0,0,1.5,90
R0123,https://doi.org/10.1021/acs.nanolett.3c03025,379,58.933,0.0,15.999,116.0,0.0,73.0,192.0,0.0,152.0,6.71,0.0,14.0,63.0,0.0,141.0,7.0,0.0,4.0,0.0,0.0,9.0,0.0,6.0,0.0,0.0,760.4,0.0,1313.9,0.0,17200000.0,0.0,100.0,0.0,1.88,0.0,3.44,0.0,0.0,2.66,0.0,0.0,0.0,24.08,0.0,0.0,-1.3,0.0,0,0,0,1,0,0,0,0,0,0,0,0,0,0,0,0,0,0,1,0,0,0,0,0,0,0,0,0,0,0,0,0,0,0,1.1,140
R0124,https://doi.org/10.1021/acs.nanolett.3c03025,379,58.933,0.0,15.999,116.0,0.0,73.0,192.0,0.0,152.0,6.71,0.0,14.0,63.0,0.0,141.0,7.0,0.0,4.0,0.0,0.0,9.0,0.0,6.0,0.0,0.0,760.4,0.0,1313.9,0.0,17200000.0,0.0,100.0,0.0,1.88,0.0,3.44,0.0,0.0,2.66,0.0,0.0,0.0,24.08,0.0,0.0,-1.3,0.0,0,0,0,1,0,0,0,0,0,0,0,0,0,0,0,0,0,0,1,0,0,0,0,0,0,0,0,0,0,0,0,0,0,0,1.15,89
R0125,https://doi.org/10.6023/A22050206,381,58.693,58.933,15.999,115.0,116.0,73.0,163.0,192.0,152.0,6.59,6.71,14.0,112.0,63.0,141.0,8.0,7.0,4.0,1.0,7.5,10.0,9.0,6.0,1.0,9.5,737.1,760.4,1313.9,-23.3,14400000.0,17200000.0,91.4,100.0,1.91,1.88,3.44,0.03,1.895,2.675,2.66,2.41,15.04,27.52,21.28,1848.0,-1.4,-1.3,0,0,0,0,0,0,0,0,0,0,0,1,0,0,0,0,0,0,0,0,0,1,0,0,0,0,0,0,0,0,0,0,0,0,1.08,140
R0126,https://doi.org/10.1016/j.jcis.2026.140244,382,58.933,55.845,14.007,116.0,115.0,75.0,192.0,194.0,155.0,6.71,7.11,17.3,63.0,15.0,-7.0,7.0,6.0,3.0,1.0,6.5,9.0,8.0,5.0,1.0,8.5,760.4,762.5,1402.3,-2.1,17200000.0,10000000.0,100.0,80.4,1.88,1.83,3.04,0.05,1.855,2.46,2.435,2.25,12.81,21.28,17.045,1890.0,-1.3,-1.45,0,0,0,1,0,0,0,0,0,0,0,0,0,0,0,0,0,0,0,0,0,0,0,1,0,0,0,0,0,0,0,0,0,0,1.04,325
R0127,https://doi.org/10.1016/j.jechem.2026.01.056,383,47.867,58.933,15.999,136.0,116.0,73.0,187.0,192.0,152.0,10.64,6.71,14.0,7.6,63.0,141.0,2.0,7.0,4.0,-5.0,4.5,4.0,9.0,6.0,-5.0,6.5,658.8,760.4,1313.9,-101.6,2340000.0,17200000.0,21.9,100.0,1.54,1.88,3.44,-0.34,1.71,2.49,2.66,2.286666667,3.76,6.88,5.32,504.0,-2.2,-1.3,0,0,0,0,0,0,0,0,0,0,0,0,0,0,0,0,0,1,0,0,0,1,0,0,0,0,0,0,0,0,0,0,0,0,1.25,118
R0128,https://doi.org/10.1002/smll.202512953,389,138.91,58.693,15.999,169.0,115.0,73.0,240.0,163.0,152.0,22.6,6.59,14.0,48.0,112.0,141.0,1.0,8.0,4.0,-7.0,4.5,3.0,10.0,6.0,-7.0,6.5,538.1,737.1,1313.9,-199.0,1340000.0,14400000.0,13.4,91.4,1.1,1.91,3.44,-0.81,1.505,2.27,2.675,2.15,1.91,3.44,2.675,284.0,0.0,-1.4,0,0,0,0,0,0,0,0,1,0,0,0,0,0,0,0,0,0,0,0,0,0,0,0,0,0,0,0,1,0,0,0,0,0,1.25,121
R0129,https://doi.org/10.1002/smll.202512953,389,138.91,55.845,15.999,169.0,115.0,73.0,240.0,194.0,152.0,22.6,7.11,14.0,48.0,15.0,141.0,1.0,6.0,4.0,-5.0,3.5,3.0,8.0,6.0,-5.0,5.5,538.1,762.5,1313.9,-224.4,1340000.0,10000000.0,13.4,80.4,1.1,1.83,3.44,-0.73,1.465,2.27,2.635,2.123333333,1.83,3.44,2.635,284.0,0.0,-1.45,0,0,0,0,0,0,0,0,1,0,0,0,0,0,0,0,0,0,0,0,0,0,0,1,0,0,0,0,0,0,0,0,0,0,1.39,112
R0130,https://doi.org/10.1002/smll.202512953,389,138.91,55.845,15.999,169.0,115.0,73.0,240.0,194.0,152.0,22.6,7.11,14.0,48.0,15.0,141.0,1.0,6.0,4.0,-5.0,3.5,3.0,8.0,6.0,-5.0,5.5,538.1,762.5,1313.9,-224.4,1340000.0,10000000.0,13.4,80.4,1.1,1.83,3.44,-0.73,1.465,2.27,2.635,2.123333333,1.83,3.44,2.635,284.0,0.0,-1.45,0,0,0,0,0,0,0,0,1,0,0,0,0,0,0,0,0,0,0,0,0,0,0,1,0,0,0,0,0,0,0,0,0,0,1.45,66
R0131,https://doi.org/10.1002/advs.202522315,399,47.867,0.0,12.011,136.0,0.0,76.0,187.0,0.0,170.0,10.64,0.0,5.29,7.6,0.0,121.8,2.0,0.0,0.0,0.0,0.0,4.0,0.0,4.0,0.0,0.0,658.8,0.0,1086.5,0.0,2340000.0,0.0,21.9,0.0,1.54,0.0,2.55,0.0,0.0,2.045,0.0,0.0,0.0,5.1,0.0,0.0,-2.2,0.0,0,0,0,0,0,0,0,0,0,0,0,0,0,0,0,0,0,1,1,0,0,0,0,0,0,0,0,0,0,0,0,0,0,0,1.0,124
R0132,https://doi.org/10.1016/j.electacta.2025.147671,403,58.693,55.845,15.999,115.0,115.0,73.0,163.0,194.0,152.0,6.59,7.11,14.0,112.0,15.0,141.0,8.0,6.0,4.0,2.0,7.0,10.0,8.0,6.0,2.0,9.0,737.1,762.5,1313.9,-25.4,14400000.0,10000000.0,91.4,80.4,1.91,1.83,3.44,0.08,1.87,2.675,2.635,2.393333333,14.64,27.52,21.08,1840.0,-1.4,-1.45,0,0,0,0,0,0,0,0,0,0,0,1,0,0,0,0,0,0,0,0,0,0,0,1,0,0,0,0,0,0,0,0,0,0,1.15,195
R0133,https://doi.org/10.1021/acsaem.5c03033,405,55.845,54.938,15.999,115.0,139.0,73.0,194.0,197.0,152.0,7.11,7.39,14.0,15.0,50.0,141.0,6.0,5.0,4.0,1.0,5.5,8.0,7.0,6.0,1.0,7.5,762.5,717.3,1313.9,45.2,10000000.0,695000.0,80.4,7.81,1.83,1.55,3.44,0.28,1.69,2.635,2.495,2.273333333,9.3,20.64,14.97,1524.0,-1.45,-1.6,0,0,0,0,0,0,1,0,0,0,0,0,0,0,0,0,0,0,0,0,0,0,0,0,0,0,1,0,0,0,0,0,0,0,1.25,100
R0134,https://doi.org/10.1021/acsanm.5c04476,406,58.933,0.0,14.007,116.0,0.0,75.0,192.0,0.0,155.0,6.71,0.0,17.3,63.0,0.0,-7.0,7.0,0.0,3.0,0.0,0.0,9.0,0.0,5.0,0.0,0.0,760.4,0.0,1402.3,0.0,17200000.0,0.0,100.0,0.0,1.88,0.0,3.04,0.0,0.0,2.46,0.0,0.0,0.0,21.28,0.0,0.0,-1.3,0.0,0,0,0,1,0,0,0,0,0,0,0,0,0,0,0,0,0,0,1,0,0,0,0,0,0,0,0,0,0,0,0,0,0,0,1.04,126
R0135,https://doi.org/10.1021/acsanm.5c04476,406,95.95,0.0,32.06,139.0,0.0,102.0,209.0,0.0,180.0,9.38,0.0,15.5,72.0,0.0,200.4,5.0,0.0,4.0,0.0,0.0,6.0,0.0,6.0,0.0,0.0,684.3,0.0,999.6,0.0,18700000.0,0.0,138.0,0.0,2.16,0.0,2.58,0.0,0.0,2.37,0.0,0.0,0.0,12.9,0.0,0.0,-1.6,0.0,0,0,0,0,0,0,0,0,0,0,1,0,0,0,0,0,0,0,1,0,0,0,0,0,0,0,0,0,0,0,0,0,0,0,1.25,81
R0136,https://doi.org/10.1088/2631-6331/ae1925,408,0.0,0.0,12.011,0.0,0.0,76.0,0.0,0.0,170.0,0.0,0.0,5.29,0.0,0.0,121.8,0.0,0.0,0.0,0.0,0.0,0.0,0.0,4.0,0.0,0.0,0.0,0.0,1086.5,0.0,0.0,0.0,0.0,0.0,0.0,0.0,2.55,0.0,0.0,0.0,0.0,0.0,0.0,0.0,0.0,0.0,0.0,0.0,1,0,0,0,0,0,0,0,0,0,0,0,0,0,0,0,0,0,1,0,0,0,0,0,0,0,0,0,0,0,0,0,0,0,1.3,75
R0137,https://doi.org/10.1002/anie.202521423,410,101.07,0.0,14.007,126.0,0.0,75.0,207.0,0.0,155.0,8.3,0.0,17.3,101.3,0.0,-7.0,7.0,0.0,3.0,0.0,0.0,8.0,0.0,5.0,0.0,0.0,710.2,0.0,1402.3,0.0,13700000.0,0.0,117.0,0.0,2.2,0.0,3.04,0.0,0.0,2.62,0.0,0.0,0.0,21.28,0.0,0.0,-1.2,0.0,0,0,0,0,0,0,0,0,0,0,0,0,0,1,0,0,0,0,1,0,0,0,0,0,0,0,0,0,0,0,0,0,0,0,1.2,40
R0138,https://doi.org/10.1080/1536383X.2025.2583369,414,51.996,0.0,15.999,135.0,0.0,73.0,189.0,0.0,152.0,7.23,0.0,14.0,64.3,0.0,141.0,5.0,0.0,4.0,0.0,0.0,6.0,0.0,6.0,0.0,0.0,652.9,0.0,1313.9,0.0,7670000.0,0.0,93.7,0.0,1.66,0.0,3.44,0.0,0.0,2.55,0.0,0.0,0.0,17.2,0.0,0.0,-1.7,0.0,0,0,0,0,1,0,0,0,0,0,0,0,0,0,0,0,0,0,1,0,0,0,0,0,0,0,0,0,0,0,0,0,0,0,1.3,40
R0139,https://doi.org/10.1002/anie.202520097,415,58.933,0.0,15.999,116.0,0.0,73.0,192.0,0.0,152.0,6.71,0.0,14.0,63.0,0.0,141.0,7.0,0.0,4.0,0.0,0.0,9.0,0.0,6.0,0.0,0.0,760.4,0.0,1313.9,0.0,17200000.0,0.0,100.0,0.0,1.88,0.0,3.44,0.0,0.0,2.66,0.0,0.0,0.0,24.08,0.0,0.0,-1.3,0.0,0,0,0,1,0,0,0,0,0,0,0,0,0,0,0,0,0,0,1,0,0,0,0,0,0,0,0,0,0,0,0,0,0,0,1.2,350
R0140,https://doi.org/10.1016/j.jcis.2025.139355,416,58.933,58.693,15.999,116.0,115.0,73.0,192.0,163.0,152.0,6.71,6.59,14.0,63.0,112.0,141.0,7.0,8.0,4.0,-1.0,7.5,9.0,10.0,6.0,-1.0,9.5,760.4,737.1,1313.9,23.3,17200000.0,14400000.0,100.0,91.4,1.88,1.91,3.44,-0.03,1.895,2.66,2.675,2.41,13.37,24.08,18.725,1890.0,-1.3,-1.4,0,0,0,1,0,0,0,0,0,0,0,0,0,0,0,0,0,0,0,0,0,0,0,0,0,0,0,0,1,0,0,0,0,0,0.8,850
R0141,https://doi.org/10.1016/j.jcis.2025.139355,416,58.933,58.693,15.999,116.0,115.0,73.0,192.0,163.0,152.0,6.71,6.59,14.0,63.0,112.0,141.0,7.0,8.0,4.0,-1.0,7.5,9.0,10.0,6.0,-1.0,9.5,760.4,737.1,1313.9,23.3,17200000.0,14400000.0,100.0,91.4,1.88,1.91,3.44,-0.03,1.895,2.66,2.675,2.41,13.37,24.08,18.725,1890.0,-1.3,-1.4,0,0,0,1,0,0,0,0,0,0,0,0,0,0,0,0,0,0,0,0,0,0,0,0,0,0,0,0,1,0,0,0,0,0,0.83,594
R0142,https://doi.org/10.1021/acsnano.5c10218,423,58.933,101.07,15.999,116.0,126.0,73.0,192.0,207.0,152.0,6.71,8.3,14.0,63.0,101.3,141.0,7.0,7.0,4.0,0.0,7.0,9.0,8.0,6.0,1.0,8.5,760.4,710.2,1313.9,50.2,17200000.0,13700000.0,100.0,117.0,1.88,2.2,3.44,-0.32,2.04,2.66,2.82,2.506666667,15.4,24.08,19.74,1967.0,-1.3,-1.2,0,0,0,1,0,0,0,0,0,0,0,0,0,0,0,0,0,0,0,0,0,0,0,0,0,0,0,0,0,0,0,1,0,0,0.96,440
R0143,https://doi.org/10.1021/acsnano.5c10218,423,58.933,0.0,15.999,116.0,0.0,73.0,192.0,0.0,152.0,6.71,0.0,14.0,63.0,0.0,141.0,7.0,0.0,4.0,0.0,0.0,9.0,0.0,6.0,0.0,0.0,760.4,0.0,1313.9,0.0,17200000.0,0.0,100.0,0.0,1.88,0.0,3.44,0.0,0.0,2.66,0.0,0.0,0.0,24.08,0.0,0.0,-1.3,0.0,0,0,0,1,0,0,0,0,0,0,0,0,0,0,0,0,0,0,1,0,0,0,0,0,0,0,0,0,0,0,0,0,0,0,1.18,300
R0144,https://doi.org/10.1002/aoc.70327,425,0.0,0.0,12.011,0.0,0.0,76.0,0.0,0.0,170.0,0.0,0.0,5.29,0.0,0.0,121.8,0.0,0.0,0.0,0.0,0.0,0.0,0.0,4.0,0.0,0.0,0.0,0.0,1086.5,0.0,0.0,0.0,0.0,0.0,0.0,0.0,2.55,0.0,0.0,0.0,0.0,0.0,0.0,0.0,0.0,0.0,0.0,0.0,1,0,0,0,0,0,0,0,0,0,0,0,0,0,0,0,0,0,1,0,0,0,0,0,0,0,0,0,0,0,0,0,0,0,1.41,31
R0145,https://doi.org/10.1021/acs.langmuir.5c02644,430,58.933,63.55,15.999,116.0,132.0,73.0,192.0,140.0,152.0,6.71,7.11,14.0,63.0,118.4,141.0,7.0,10.0,4.0,-3.0,8.5,9.0,11.0,6.0,-2.0,10.0,760.4,745.5,1313.9,14.9,17200000.0,59600000.0,100.0,401.0,1.88,1.9,3.44,-0.02,1.89,2.66,2.67,2.406666667,13.3,24.08,18.69,1736.0,-1.3,-2.67,0,0,0,1,0,0,0,0,0,0,0,0,0,0,0,0,0,0,0,0,0,0,1,0,0,0,0,0,0,0,0,0,0,0,1.1,146
R0146,https://doi.org/10.1016/j.electacta.2025.146925,434,101.07,0.0,15.999,126.0,0.0,73.0,207.0,0.0,152.0,8.3,0.0,14.0,101.3,0.0,141.0,7.0,0.0,4.0,0.0,0.0,8.0,0.0,6.0,0.0,0.0,710.2,0.0,1313.9,0.0,13700000.0,0.0,117.0,0.0,2.2,0.0,3.44,0.0,0.0,2.82,0.0,0.0,0.0,24.08,0.0,0.0,-1.2,0.0,0,0,0,0,0,0,0,0,0,0,0,0,0,1,0,0,0,0,1,0,0,0,0,0,0,0,0,0,0,0,0,0,0,0,1.1,212
R0147,https://doi.org/10.1016/j.jcis.2025.138454,435,58.933,55.845,15.999,116.0,115.0,73.0,192.0,194.0,152.0,6.71,7.11,14.0,63.0,15.0,141.0,7.0,6.0,4.0,1.0,6.5,9.0,8.0,6.0,1.0,8.5,760.4,762.5,1313.9,-2.1,17200000.0,10000000.0,100.0,80.4,1.88,1.83,3.44,0.05,1.855,2.66,2.635,2.383333333,12.81,24.08,18.445,1890.0,-1.3,-1.45,0,0,0,1,0,0,0,0,0,0,0,0,0,0,0,0,0,0,0,0,0,0,0,1,0,0,0,0,0,0,0,0,0,0,0.89,150
R0148,https://doi.org/10.1038/s41598-025-11449-1,436,58.933,101.07,15.999,116.0,126.0,73.0,192.0,207.0,152.0,6.71,8.3,14.0,63.0,101.3,141.0,7.0,7.0,4.0,0.0,7.0,9.0,8.0,6.0,1.0,8.5,760.4,710.2,1313.9,50.2,17200000.0,13700000.0,100.0,117.0,1.88,2.2,3.44,-0.32,2.04,2.66,2.82,2.506666667,15.4,24.08,19.74,1967.0,-1.3,-1.2,0,0,0,1,0,0,0,0,0,0,0,0,0,0,0,0,0,0,0,0,0,0,0,0,0,0,0,0,0,0,0,1,0,0,0.998,387
R0149,https://doi.org/10.1002/anie.202509132,437,58.933,58.693,15.999,116.0,115.0,73.0,192.0,163.0,152.0,6.71,6.59,14.0,63.0,112.0,141.0,7.0,8.0,4.0,-1.0,7.5,9.0,10.0,6.0,-1.0,9.5,760.4,737.1,1313.9,23.3,17200000.0,14400000.0,100.0,91.4,1.88,1.91,3.44,-0.03,1.895,2.66,2.675,2.41,13.37,24.08,18.725,1890.0,-1.3,-1.4,0,0,0,1,0,0,0,0,0,0,0,0,0,0,0,0,0,0,0,0,0,0,0,0,0,0,0,0,1,0,0,0,0,0,0.94,135
R0150,https://doi.org/10.1016/j.jpowsour.2025.237653,441,58.933,0.0,14.007,116.0,0.0,75.0,192.0,0.0,155.0,6.71,0.0,17.3,63.0,0.0,-7.0,7.0,0.0,3.0,0.0,0.0,9.0,0.0,5.0,0.0,0.0,760.4,0.0,1402.3,0.0,17200000.0,0.0,100.0,0.0,1.88,0.0,3.04,0.0,0.0,2.46,0.0,0.0,0.0,21.28,0.0,0.0,-1.3,0.0,0,0,0,1,0,0,0,0,0,0,0,0,0,0,0,0,0,0,1,0,0,0,0,0,0,0,0,0,0,0,0,0,0,0,1.15,180
R0151,https://doi.org/10.1021/acs.iecr.5c01518,442,95.95,55.845,32.06,139.0,115.0,102.0,209.0,194.0,180.0,9.38,7.11,15.5,72.0,15.0,200.4,5.0,6.0,4.0,-1.0,5.5,6.0,8.0,6.0,-2.0,7.0,684.3,762.5,999.6,-78.2,18700000.0,10000000.0,138.0,80.4,2.16,1.83,2.58,0.33,1.995,2.37,2.205,2.19,9.15,12.9,11.025,1270.0,-1.6,-1.45,0,0,0,0,0,0,0,0,0,0,1,0,0,0,0,0,0,0,0,0,0,0,0,1,0,0,0,0,0,0,0,0,0,0,1.18,83
R0152,https://doi.org/10.1021/acs.iecr.5c01518,442,95.95,0.0,32.06,139.0,0.0,102.0,209.0,0.0,180.0,9.38,0.0,15.5,72.0,0.0,200.4,5.0,0.0,4.0,0.0,0.0,6.0,0.0,6.0,0.0,0.0,684.3,0.0,999.6,0.0,18700000.0,0.0,138.0,0.0,2.16,0.0,2.58,0.0,0.0,2.37,0.0,0.0,0.0,12.9,0.0,0.0,-1.6,0.0,0,0,0,0,0,0,0,0,0,0,1,0,0,0,0,0,0,0,1,0,0,0,0,0,0,0,0,0,0,0,0,0,0,0,1.25,14
R0153,https://doi.org/10.1016/j.carbon.2025.120482,447,101.07,0.0,14.007,126.0,0.0,75.0,207.0,0.0,155.0,8.3,0.0,17.3,101.3,0.0,-7.0,7.0,0.0,3.0,0.0,0.0,8.0,0.0,5.0,0.0,0.0,710.2,0.0,1402.3,0.0,13700000.0,0.0,117.0,0.0,2.2,0.0,3.04,0.0,0.0,2.62,0.0,0.0,0.0,21.28,0.0,0.0,-1.2,0.0,0,0,0,0,0,0,0,0,0,0,0,0,0,1,0,0,0,0,1,0,0,0,0,0,0,0,0,0,0,0,0,0,0,0,1.25,151
R0154,https://doi.org/10.1093/nsr/nwaf145,450,58.933,0.0,15.999,116.0,0.0,73.0,192.0,0.0,152.0,6.71,0.0,14.0,63.0,0.0,141.0,7.0,0.0,4.0,0.0,0.0,9.0,0.0,6.0,0.0,0.0,760.4,0.0,1313.9,0.0,17200000.0,0.0,100.0,0.0,1.88,0.0,3.44,0.0,0.0,2.66,0.0,0.0,0.0,24.08,0.0,0.0,-1.3,0.0,0,0,0,1,0,0,0,0,0,0,0,0,0,0,0,0,0,0,1,0,0,0,0,0,0,0,0,0,0,0,0,0,0,0,1.24,80
R0155,https://doi.org/10.1016/j.jcis.2025.137782,452,0.0,0.0,12.011,0.0,0.0,76.0,0.0,0.0,170.0,0.0,0.0,5.29,0.0,0.0,121.8,0.0,0.0,0.0,0.0,0.0,0.0,0.0,4.0,0.0,0.0,0.0,0.0,1086.5,0.0,0.0,0.0,0.0,0.0,0.0,0.0,2.55,0.0,0.0,0.0,0.0,0.0,0.0,0.0,0.0,0.0,0.0,0.0,1,0,0,0,0,0,0,0,0,0,0,0,0,0,0,0,0,0,1,0,0,0,0,0,0,0,0,0,0,0,0,0,0,0,1.36,26
R0156,https://doi.org/10.1016/j.cej.2025.162908,457,58.933,58.693,30.974,116.0,115.0,107.0,192.0,163.0,180.0,6.71,6.59,17.0,63.0,112.0,72.0,7.0,8.0,3.0,-1.0,7.5,9.0,10.0,5.0,-1.0,9.5,760.4,737.1,1011.8,23.3,17200000.0,14400000.0,100.0,91.4,1.88,1.91,2.19,-0.03,1.895,2.035,2.05,1.993333333,13.37,15.33,14.35,1890.0,-1.3,-1.4,0,0,0,1,0,0,0,0,0,0,0,0,0,0,0,0,0,0,0,0,0,0,0,0,0,0,0,0,1,0,0,0,0,0,1.3,73
R0157,https://doi.org/10.1016/j.cej.2025.162908,457,58.933,58.693,32.06,116.0,115.0,102.0,192.0,163.0,180.0,6.71,6.59,15.5,63.0,112.0,200.4,7.0,8.0,4.0,-1.0,7.5,9.0,10.0,6.0,-1.0,9.5,760.4,737.1,999.6,23.3,17200000.0,14400000.0,100.0,91.4,1.88,1.91,2.58,-0.03,1.895,2.23,2.245,2.123333333,13.37,18.06,15.715,1890.0,-1.3,-1.4,0,0,0,1,0,0,0,0,0,0,0,0,0,0,0,0,0,0,0,0,0,0,0,0,0,0,0,0,1,0,0,0,0,0,1.35,57
R0158,https://doi.org/10.1016/j.cej.2025.162908,457,58.933,58.693,30.974,116.0,115.0,107.0,192.0,163.0,180.0,6.71,6.59,17.0,63.0,112.0,72.0,7.0,8.0,3.0,-1.0,7.5,9.0,10.0,5.0,-1.0,9.5,760.4,737.1,1011.8,23.3,17200000.0,14400000.0,100.0,91.4,1.88,1.91,2.19,-0.03,1.895,2.035,2.05,1.993333333,13.37,15.33,14.35,1890.0,-1.3,-1.4,0,0,0,1,0,0,0,0,0,0,0,0,0,0,0,0,0,0,0,0,0,0,0,0,0,0,0,0,1,0,0,0,0,0,1.3,150
R0159,https://doi.org/10.1016/j.cej.2025.162420,458,58.933,195.08,15.999,116.0,136.0,73.0,192.0,175.0,152.0,6.71,9.1,14.0,63.0,205.3,141.0,7.0,9.0,4.0,-2.0,8.0,9.0,10.0,6.0,-1.0,9.5,760.4,870.8,1313.9,-110.4,17200000.0,94000000.0,100.0,71.6,1.88,2.28,3.44,-0.4,2.08,2.66,2.86,2.533333333,15.96,24.08,20.02,1918.0,-1.3,-2.2,0,0,0,1,0,0,0,0,0,0,0,0,0,0,0,0,0,0,0,0,0,0,0,0,0,0,0,0,0,0,1,0,0,0,0.86,220
R0160,https://doi.org/10.1039/d5nr00300h,459,58.933,58.693,15.999,116.0,115.0,73.0,192.0,163.0,152.0,6.71,6.59,14.0,63.0,112.0,141.0,7.0,8.0,4.0,-1.0,7.5,9.0,10.0,6.0,-1.0,9.5,760.4,737.1,1313.9,23.3,17200000.0,14400000.0,100.0,91.4,1.88,1.91,3.44,-0.03,1.895,2.66,2.675,2.41,13.37,24.08,18.725,1890.0,-1.3,-1.4,0,0,0,1,0,0,0,0,0,0,0,0,0,0,0,0,0,0,0,0,0,0,0,0,0,0,0,0,1,0,0,0,0,0,0.77,148
R0161,https://doi.org/10.1039/d5nr00300h,459,0.0,0.0,12.011,0.0,0.0,76.0,0.0,0.0,170.0,0.0,0.0,5.29,0.0,0.0,121.8,0.0,0.0,0.0,0.0,0.0,0.0,0.0,4.0,0.0,0.0,0.0,0.0,1086.5,0.0,0.0,0.0,0.0,0.0,0.0,0.0,2.55,0.0,0.0,0.0,0.0,0.0,0.0,0.0,0.0,0.0,0.0,0.0,1,0,0,0,0,0,0,0,0,0,0,0,0,0,0,0,0,0,1,0,0,0,0,0,0,0,0,0,0,0,0,0,0,0,1.29,13
R0162,https://doi.org/10.1021/jacs.4c15230,463,101.07,0.0,15.999,126.0,0.0,73.0,207.0,0.0,152.0,8.3,0.0,14.0,101.3,0.0,141.0,7.0,0.0,4.0,0.0,0.0,8.0,0.0,6.0,0.0,0.0,710.2,0.0,1313.9,0.0,13700000.0,0.0,117.0,0.0,2.2,0.0,3.44,0.0,0.0,2.82,0.0,0.0,0.0,24.08,0.0,0.0,-1.2,0.0,0,0,0,0,0,0,0,0,0,0,0,0,0,1,0,0,0,0,1,0,0,0,0,0,0,0,0,0,0,0,0,0,0,0,1.1,150
R0163,https://doi.org/10.1002/celc.202400626,470,0.0,0.0,12.011,0.0,0.0,76.0,0.0,0.0,170.0,0.0,0.0,5.29,0.0,0.0,121.8,0.0,0.0,0.0,0.0,0.0,0.0,0.0,4.0,0.0,0.0,0.0,0.0,1086.5,0.0,0.0,0.0,0.0,0.0,0.0,0.0,2.55,0.0,0.0,0.0,0.0,0.0,0.0,0.0,0.0,0.0,0.0,0.0,1,0,0,0,0,0,0,0,0,0,0,0,0,0,0,0,0,0,1,0,0,0,0,0,0,0,0,0,0,0,0,0,0,0,1.4,31
R0164,https://doi.org/10.1016/j.esci.2024.100310,477,58.693,0.0,14.007,115.0,0.0,75.0,163.0,0.0,155.0,6.59,0.0,17.3,112.0,0.0,-7.0,8.0,0.0,3.0,0.0,0.0,10.0,0.0,5.0,0.0,0.0,737.1,0.0,1402.3,0.0,14400000.0,0.0,91.4,0.0,1.91,0.0,3.04,0.0,0.0,2.475,0.0,0.0,0.0,24.32,0.0,0.0,-1.4,0.0,0,0,0,0,0,0,0,0,0,0,0,1,0,0,0,0,0,0,1,0,0,0,0,0,0,0,0,0,0,0,0,0,0,0,1.08,225
R0165,https://doi.org/10.1016/j.esci.2024.100310,477,58.693,0.0,14.007,115.0,0.0,75.0,163.0,0.0,155.0,6.59,0.0,17.3,112.0,0.0,-7.0,8.0,0.0,3.0,0.0,0.0,10.0,0.0,5.0,0.0,0.0,737.1,0.0,1402.3,0.0,14400000.0,0.0,91.4,0.0,1.91,0.0,3.04,0.0,0.0,2.475,0.0,0.0,0.0,24.32,0.0,0.0,-1.4,0.0,0,0,0,0,0,0,0,0,0,0,0,1,0,0,0,0,0,0,1,0,0,0,0,0,0,0,0,0,0,0,0,0,0,0,1.1,300
R0166,https://doi.org/10.1002/smll.202406516,478,101.07,0.0,15.999,126.0,0.0,73.0,207.0,0.0,152.0,8.3,0.0,14.0,101.3,0.0,141.0,7.0,0.0,4.0,0.0,0.0,8.0,0.0,6.0,0.0,0.0,710.2,0.0,1313.9,0.0,13700000.0,0.0,117.0,0.0,2.2,0.0,3.44,0.0,0.0,2.82,0.0,0.0,0.0,24.08,0.0,0.0,-1.2,0.0,0,0,0,0,0,0,0,0,0,0,0,0,0,1,0,0,0,0,1,0,0,0,0,0,0,0,0,0,0,0,0,0,0,0,1.2,108
R0167,https://doi.org/10.1002/anie.202418893,483,55.845,0.0,14.007,115.0,0.0,75.0,194.0,0.0,155.0,7.11,0.0,17.3,15.0,0.0,-7.0,6.0,0.0,3.0,0.0,0.0,8.0,0.0,5.0,0.0,0.0,762.5,0.0,1402.3,0.0,10000000.0,0.0,80.4,0.0,1.83,0.0,3.04,0.0,0.0,2.435,0.0,0.0,0.0,18.24,0.0,0.0,-1.45,0.0,0,0,0,0,0,0,1,0,0,0,0,0,0,0,0,0,0,0,1,0,0,0,0,0,0,0,0,0,0,0,0,0,0,0,1.3,30
R0168,https://doi.org/10.1016/j.electacta.2024.145384,489,58.933,55.845,15.999,116.0,115.0,73.0,192.0,194.0,152.0,6.71,7.11,14.0,63.0,15.0,141.0,7.0,6.0,4.0,1.0,6.5,9.0,8.0,6.0,1.0,8.5,760.4,762.5,1313.9,-2.1,17200000.0,10000000.0,100.0,80.4,1.88,1.83,3.44,0.05,1.855,2.66,2.635,2.383333333,12.81,24.08,18.445,1890.0,-1.3,-1.45,0,0,0,1,0,0,0,0,0,0,0,0,0,0,0,0,0,0,0,0,0,0,0,1,0,0,0,0,0,0,0,0,0,0,1.01,93
R0169,https://doi.org/10.1007/s10008-024-06115-x,494,55.845,0.0,15.999,115.0,0.0,73.0,194.0,0.0,152.0,7.11,0.0,14.0,15.0,0.0,141.0,6.0,0.0,4.0,0.0,0.0,8.0,0.0,6.0,0.0,0.0,762.5,0.0,1313.9,0.0,10000000.0,0.0,80.4,0.0,1.83,0.0,3.44,0.0,0.0,2.635,0.0,0.0,0.0,20.64,0.0,0.0,-1.45,0.0,0,0,0,0,0,0,1,0,0,0,0,0,0,0,0,0,0,0,1,0,0,0,0,0,0,0,0,0,0,0,0,0,0,0,1.4,40
R0170,https://doi.org/10.1002/aenm.202402925,495,138.91,55.845,15.999,169.0,115.0,73.0,240.0,194.0,152.0,22.6,7.11,14.0,48.0,15.0,141.0,1.0,6.0,4.0,-5.0,3.5,3.0,8.0,6.0,-5.0,5.5,538.1,762.5,1313.9,-224.4,1340000.0,10000000.0,13.4,80.4,1.1,1.83,3.44,-0.73,1.465,2.27,2.635,2.123333333,1.83,3.44,2.635,284.0,0.0,-1.45,0,0,0,0,0,0,0,0,1,0,0,0,0,0,0,0,0,0,0,0,0,0,0,1,0,0,0,0,0,0,0,0,0,0,1.4,34
R0171,https://doi.org/10.1002/aenm.202402925,495,55.845,138.91,15.999,115.0,169.0,73.0,194.0,240.0,152.0,7.11,22.6,14.0,15.0,48.0,141.0,6.0,1.0,4.0,5.0,3.5,8.0,3.0,6.0,5.0,5.5,762.5,538.1,1313.9,224.4,10000000.0,1340000.0,80.4,13.4,1.83,1.1,3.44,0.73,1.465,2.635,2.27,2.123333333,6.6,20.64,13.62,1704.0,-1.45,0.0,0,0,0,0,0,0,1,0,0,0,0,0,0,0,0,0,0,0,0,0,0,0,0,0,0,1,0,0,0,0,0,0,0,0,1.28,21
R0172,https://doi.org/10.1002/aenm.202402925,495,55.845,138.91,15.999,115.0,169.0,73.0,194.0,240.0,152.0,7.11,22.6,14.0,15.0,48.0,141.0,6.0,1.0,4.0,5.0,3.5,8.0,3.0,6.0,5.0,5.5,762.5,538.1,1313.9,224.4,10000000.0,1340000.0,80.4,13.4,1.83,1.1,3.44,0.73,1.465,2.635,2.27,2.123333333,6.6,20.64,13.62,1704.0,-1.45,0.0,0,0,0,0,0,0,1,0,0,0,0,0,0,0,0,0,0,0,0,0,0,0,0,0,0,1,0,0,0,0,0,0,0,0,1.3,38
R0173,https://doi.org/10.1021/acs.energyfuels.4c04356,498,58.933,101.07,15.999,116.0,126.0,73.0,192.0,207.0,152.0,6.71,8.3,14.0,63.0,101.3,141.0,7.0,7.0,4.0,0.0,7.0,9.0,8.0,6.0,1.0,8.5,760.4,710.2,1313.9,50.2,17200000.0,13700000.0,100.0,117.0,1.88,2.2,3.44,-0.32,2.04,2.66,2.82,2.506666667,15.4,24.08,19.74,1967.0,-1.3,-1.2,0,0,0,1,0,0,0,0,0,0,0,0,0,0,0,0,0,0,0,0,0,0,0,0,0,0,0,0,0,0,0,1,0,0,0.94,245
R0174,https://doi.org/10.1002/smll.202406525,502,54.938,0.0,15.999,139.0,0.0,73.0,197.0,0.0,152.0,7.39,0.0,14.0,50.0,0.0,141.0,5.0,0.0,4.0,0.0,0.0,7.0,0.0,6.0,0.0,0.0,717.3,0.0,1313.9,0.0,695000.0,0.0,7.81,0.0,1.55,0.0,3.44,0.0,0.0,2.495,0.0,0.0,0.0,17.2,0.0,0.0,-1.6,0.0,0,0,0,0,0,0,0,0,0,1,0,0,0,0,0,0,0,0,1,0,0,0,0,0,0,0,0,0,0,0,0,0,0,0,1.25,55
R0175,https://doi.org/10.1016/j.jpowsour.2024.235394,507,58.933,101.07,14.007,116.0,126.0,75.0,192.0,207.0,155.0,6.71,8.3,17.3,63.0,101.3,-7.0,7.0,7.0,3.0,0.0,7.0,9.0,8.0,5.0,1.0,8.5,760.4,710.2,1402.3,50.2,17200000.0,13700000.0,100.0,117.0,1.88,2.2,3.04,-0.32,2.04,2.46,2.62,2.373333333,15.4,21.28,18.34,1967.0,-1.3,-1.2,0,0,0,1,0,0,0,0,0,0,0,0,0,0,0,0,0,0,0,0,0,0,0,0,0,0,0,0,0,0,0,1,0,0,0.95,272
R0176,https://doi.org/10.1016/j.jpowsour.2024.235394,507,58.933,0.0,14.007,116.0,0.0,75.0,192.0,0.0,155.0,6.71,0.0,17.3,63.0,0.0,-7.0,7.0,0.0,3.0,0.0,0.0,9.0,0.0,5.0,0.0,0.0,760.4,0.0,1402.3,0.0,17200000.0,0.0,100.0,0.0,1.88,0.0,3.04,0.0,0.0,2.46,0.0,0.0,0.0,21.28,0.0,0.0,-1.3,0.0,0,0,0,1,0,0,0,0,0,0,0,0,0,0,0,0,0,0,1,0,0,0,0,0,0,0,0,0,0,0,0,0,0,0,1.0,100
R0177,https://doi.org/10.1002/cey2.587,508,55.845,0.0,14.007,115.0,0.0,75.0,194.0,0.0,155.0,7.11,0.0,17.3,15.0,0.0,-7.0,6.0,0.0,3.0,0.0,0.0,8.0,0.0,5.0,0.0,0.0,762.5,0.0,1402.3,0.0,10000000.0,0.0,80.4,0.0,1.83,0.0,3.04,0.0,0.0,2.435,0.0,0.0,0.0,18.24,0.0,0.0,-1.45,0.0,0,0,0,0,0,0,1,0,0,0,0,0,0,0,0,0,0,0,1,0,0,0,0,0,0,0,0,0,0,0,0,0,0,0,1.35,20
R0178,https://doi.org/10.1002/cey2.550,509,51.996,50.942,15.999,135.0,131.0,73.0,189.0,192.0,152.0,7.23,8.35,14.0,64.3,50.6,141.0,5.0,3.0,4.0,2.0,4.0,6.0,5.0,6.0,1.0,5.5,652.9,650.9,1313.9,2.0,7670000.0,4890000.0,93.7,30.7,1.66,1.63,3.44,0.03,1.645,2.55,2.535,2.243333333,8.15,17.2,12.675,1330.0,-1.7,-1.8,0,0,0,0,1,0,0,0,0,0,0,0,0,0,0,0,0,0,0,0,0,0,0,0,0,0,0,0,0,0,0,0,0,1,1.25,83
R0179,https://doi.org/10.1039/d4sc03242j,517,101.07,0.0,15.999,126.0,0.0,73.0,207.0,0.0,152.0,8.3,0.0,14.0,101.3,0.0,141.0,7.0,0.0,4.0,0.0,0.0,8.0,0.0,6.0,0.0,0.0,710.2,0.0,1313.9,0.0,13700000.0,0.0,117.0,0.0,2.2,0.0,3.44,0.0,0.0,2.82,0.0,0.0,0.0,24.08,0.0,0.0,-1.2,0.0,0,0,0,0,0,0,0,0,0,0,0,0,0,1,0,0,0,0,1,0,0,0,0,0,0,0,0,0,0,0,0,0,0,0,1.1,111
R0180,https://doi.org/10.1016/j.est.2024.112780,519,58.693,58.933,30.974,115.0,116.0,107.0,163.0,192.0,180.0,6.59,6.71,17.0,112.0,63.0,72.0,8.0,7.0,3.0,1.0,7.5,10.0,9.0,5.0,1.0,9.5,737.1,760.4,1011.8,-23.3,14400000.0,17200000.0,91.4,100.0,1.91,1.88,2.19,0.03,1.895,2.05,2.035,1.993333333,15.04,17.52,16.28,1848.0,-1.4,-1.3,0,0,0,0,0,0,0,0,0,0,0,1,0,0,0,0,0,0,0,0,0,1,0,0,0,0,0,0,0,0,0,0,0,0,1.3,242
R0181,https://doi.org/10.1016/j.est.2024.112780,519,58.933,0.0,30.974,116.0,0.0,107.0,192.0,0.0,180.0,6.71,0.0,17.0,63.0,0.0,72.0,7.0,0.0,3.0,0.0,0.0,9.0,0.0,5.0,0.0,0.0,760.4,0.0,1011.8,0.0,17200000.0,0.0,100.0,0.0,1.88,0.0,2.19,0.0,0.0,2.035,0.0,0.0,0.0,15.33,0.0,0.0,-1.3,0.0,0,0,0,1,0,0,0,0,0,0,0,0,0,0,0,0,0,0,1,0,0,0,0,0,0,0,0,0,0,0,0,0,0,0,1.45,196
R0182,https://doi.org/10.1016/j.jcis.2024.06.137,522,95.95,58.693,32.06,139.0,115.0,102.0,209.0,163.0,180.0,9.38,6.59,15.5,72.0,112.0,200.4,5.0,8.0,4.0,-3.0,6.5,6.0,10.0,6.0,-4.0,8.0,684.3,737.1,999.6,-52.8,18700000.0,14400000.0,138.0,91.4,2.16,1.91,2.58,0.25,2.035,2.37,2.245,2.216666667,9.55,12.9,11.225,1270.0,-1.6,-1.4,0,0,0,0,0,0,0,0,0,0,1,0,0,0,0,0,0,0,0,0,0,0,0,0,0,0,0,0,1,0,0,0,0,0,1.25,163
R0183,https://doi.org/10.1016/j.jcis.2024.06.137,522,58.693,0.0,32.06,115.0,0.0,102.0,163.0,0.0,180.0,6.59,0.0,15.5,112.0,0.0,200.4,8.0,0.0,4.0,0.0,0.0,10.0,0.0,6.0,0.0,0.0,737.1,0.0,999.6,0.0,14400000.0,0.0,91.4,0.0,1.91,0.0,2.58,0.0,0.0,2.245,0.0,0.0,0.0,20.64,0.0,0.0,-1.4,0.0,0,0,0,0,0,0,0,0,0,0,0,1,0,0,0,0,0,0,1,0,0,0,0,0,0,0,0,0,0,0,0,0,0,0,1.4,107
R0184,https://doi.org/10.1016/j.jcis.2024.06.137,522,58.693,0.0,32.06,115.0,0.0,102.0,163.0,0.0,180.0,6.59,0.0,15.5,112.0,0.0,200.4,8.0,0.0,4.0,0.0,0.0,10.0,0.0,6.0,0.0,0.0,737.1,0.0,999.6,0.0,14400000.0,0.0,91.4,0.0,1.91,0.0,2.58,0.0,0.0,2.245,0.0,0.0,0.0,20.64,0.0,0.0,-1.4,0.0,0,0,0,0,0,0,0,0,0,0,0,1,0,0,0,0,0,0,1,0,0,0,0,0,0,0,0,0,0,0,0,0,0,0,1.45,86
R0185,https://doi.org/10.1002/adma.202404319,523,58.933,58.693,18.998,116.0,115.0,64.0,192.0,163.0,147.0,6.71,6.59,17.1,63.0,112.0,328.2,7.0,8.0,5.0,-1.0,7.5,9.0,10.0,7.0,-1.0,9.5,760.4,737.1,1681.0,23.3,17200000.0,14400000.0,100.0,91.4,1.88,1.91,3.98,-0.03,1.895,2.93,2.945,2.59,13.37,27.86,20.615,1617.0,-1.3,-1.4,0,0,0,1,0,0,0,0,0,0,0,0,0,0,0,0,0,0,0,0,0,0,0,0,0,0,0,0,1,0,0,0,0,0,1.2,155
R0186,https://doi.org/10.1002/adma.202405440,525,55.845,0.0,15.999,115.0,0.0,73.0,194.0,0.0,152.0,7.11,0.0,14.0,15.0,0.0,141.0,6.0,0.0,4.0,0.0,0.0,8.0,0.0,6.0,0.0,0.0,762.5,0.0,1313.9,0.0,10000000.0,0.0,80.4,0.0,1.83,0.0,3.44,0.0,0.0,2.635,0.0,0.0,0.0,20.64,0.0,0.0,-1.45,0.0,0,0,0,0,0,0,1,0,0,0,0,0,0,0,0,0,0,0,1,0,0,0,0,0,0,0,0,0,0,0,0,0,0,0,1.4,45
R0187,https://doi.org/10.1016/j.mtener.2024.101597,526,58.933,0.0,30.974,116.0,0.0,107.0,192.0,0.0,180.0,6.71,0.0,17.0,63.0,0.0,72.0,7.0,0.0,3.0,0.0,0.0,9.0,0.0,5.0,0.0,0.0,760.4,0.0,1011.8,0.0,17200000.0,0.0,100.0,0.0,1.88,0.0,2.19,0.0,0.0,2.035,0.0,0.0,0.0,15.33,0.0,0.0,-1.3,0.0,0,0,0,1,0,0,0,0,0,0,0,0,0,0,0,0,0,0,1,0,0,0,0,0,0,0,0,0,0,0,0,0,0,0,1.38,154
R0188,https://doi.org/10.1016/j.jcis.2024.05.144,528,54.938,58.933,15.999,139.0,116.0,73.0,197.0,192.0,152.0,7.39,6.71,14.0,50.0,63.0,141.0,5.0,7.0,4.0,-2.0,6.0,7.0,9.0,6.0,-2.0,8.0,717.3,760.4,1313.9,-43.1,695000.0,17200000.0,7.81,100.0,1.55,1.88,3.44,-0.33,1.715,2.495,2.66,2.29,9.4,17.2,13.3,1275.0,-1.6,-1.3,0,0,0,0,0,0,0,0,0,1,0,0,0,0,0,0,0,0,0,0,0,1,0,0,0,0,0,0,0,0,0,0,0,0,1.2,126
R0189,https://doi.org/10.1016/j.ijoes.2024.100602,532,101.07,0.0,14.007,126.0,0.0,75.0,207.0,0.0,155.0,8.3,0.0,17.3,101.3,0.0,-7.0,7.0,0.0,3.0,0.0,0.0,8.0,0.0,5.0,0.0,0.0,710.2,0.0,1402.3,0.0,13700000.0,0.0,117.0,0.0,2.2,0.0,3.04,0.0,0.0,2.62,0.0,0.0,0.0,21.28,0.0,0.0,-1.2,0.0,0,0,0,0,0,0,0,0,0,0,0,0,0,1,0,0,0,0,1,0,0,0,0,0,0,0,0,0,0,0,0,0,0,0,1.3,79
R0190,https://doi.org/10.1016/j.jechem.2024.01.076,540,95.95,0.0,32.06,139.0,0.0,102.0,209.0,0.0,180.0,9.38,0.0,15.5,72.0,0.0,200.4,5.0,0.0,4.0,0.0,0.0,6.0,0.0,6.0,0.0,0.0,684.3,0.0,999.6,0.0,18700000.0,0.0,138.0,0.0,2.16,0.0,2.58,0.0,0.0,2.37,0.0,0.0,0.0,12.9,0.0,0.0,-1.6,0.0,0,0,0,0,0,0,0,0,0,0,1,0,0,0,0,0,0,0,1,0,0,0,0,0,0,0,0,0,0,0,0,0,0,0,1.3,63
R0191,https://doi.org/10.1016/j.jechem.2024.01.076,540,95.95,0.0,32.06,139.0,0.0,102.0,209.0,0.0,180.0,9.38,0.0,15.5,72.0,0.0,200.4,5.0,0.0,4.0,0.0,0.0,6.0,0.0,6.0,0.0,0.0,684.3,0.0,999.6,0.0,18700000.0,0.0,138.0,0.0,2.16,0.0,2.58,0.0,0.0,2.37,0.0,0.0,0.0,12.9,0.0,0.0,-1.6,0.0,0,0,0,0,0,0,0,0,0,0,1,0,0,0,0,0,0,0,1,0,0,0,0,0,0,0,0,0,0,0,0,0,0,0,1.25,75
R0192,https://doi.org/10.1016/j.jechem.2024.01.076,540,54.938,95.95,32.06,139.0,139.0,102.0,197.0,209.0,180.0,7.39,9.38,15.5,50.0,72.0,200.4,5.0,5.0,4.0,0.0,5.0,7.0,6.0,6.0,1.0,6.5,717.3,684.3,999.6,33.0,695000.0,18700000.0,7.81,138.0,1.55,2.16,2.58,-0.61,1.855,2.065,2.37,2.096666667,10.8,12.9,11.85,1390.0,-1.6,-1.6,0,0,0,0,0,0,0,0,0,1,0,0,0,0,0,0,0,0,0,0,0,0,0,0,0,0,0,1,0,0,0,0,0,0,1.25,100
R0193,https://doi.org/10.1002/aenm.202303766,543,58.933,101.07,14.007,116.0,126.0,75.0,192.0,207.0,155.0,6.71,8.3,17.3,63.0,101.3,-7.0,7.0,7.0,3.0,0.0,7.0,9.0,8.0,5.0,1.0,8.5,760.4,710.2,1402.3,50.2,17200000.0,13700000.0,100.0,117.0,1.88,2.2,3.04,-0.32,2.04,2.46,2.62,2.373333333,15.4,21.28,18.34,1967.0,-1.3,-1.2,0,0,0,1,0,0,0,0,0,0,0,0,0,0,0,0,0,0,0,0,0,0,0,0,0,0,0,0,0,0,0,1,0,0,0.95,220
R0194,https://doi.org/10.1002/smtd.202301728,545,51.996,58.693,15.999,135.0,115.0,73.0,189.0,163.0,152.0,7.23,6.59,14.0,64.3,112.0,141.0,5.0,8.0,4.0,-3.0,6.5,6.0,10.0,6.0,-4.0,8.0,652.9,737.1,1313.9,-84.2,7670000.0,14400000.0,93.7,91.4,1.66,1.91,3.44,-0.25,1.785,2.55,2.675,2.336666667,9.55,17.2,13.375,1250.0,-1.7,-1.4,0,0,0,0,1,0,0,0,0,0,0,0,0,0,0,0,0,0,0,0,0,0,0,0,0,0,0,0,1,0,0,0,0,0,1.22,125
R0195,https://doi.org/10.1002/smtd.202301728,545,51.996,58.693,15.999,135.0,115.0,73.0,189.0,163.0,152.0,7.23,6.59,14.0,64.3,112.0,141.0,5.0,8.0,4.0,-3.0,6.5,6.0,10.0,6.0,-4.0,8.0,652.9,737.1,1313.9,-84.2,7670000.0,14400000.0,93.7,91.4,1.66,1.91,3.44,-0.25,1.785,2.55,2.675,2.336666667,9.55,17.2,13.375,1250.0,-1.7,-1.4,0,0,0,0,1,0,0,0,0,0,0,0,0,0,0,0,0,0,0,0,0,0,0,0,0,0,0,0,1,0,0,0,0,0,1.32,100
R0196,https://doi.org/10.1016/j.mtcomm.2024.108243,547,58.933,58.693,15.999,116.0,115.0,73.0,192.0,163.0,152.0,6.71,6.59,14.0,63.0,112.0,141.0,7.0,8.0,4.0,-1.0,7.5,9.0,10.0,6.0,-1.0,9.5,760.4,737.1,1313.9,23.3,17200000.0,14400000.0,100.0,91.4,1.88,1.91,3.44,-0.03,1.895,2.66,2.675,2.41,13.37,24.08,18.725,1890.0,-1.3,-1.4,0,0,0,1,0,0,0,0,0,0,0,0,0,0,0,0,0,0,0,0,0,0,0,0,0,0,0,0,1,0,0,0,0,0,0.84,133
R0197,https://doi.org/10.1016/j.jallcom.2024.173877,549,101.07,0.0,15.999,126.0,0.0,73.0,207.0,0.0,152.0,8.3,0.0,14.0,101.3,0.0,141.0,7.0,0.0,4.0,0.0,0.0,8.0,0.0,6.0,0.0,0.0,710.2,0.0,1313.9,0.0,13700000.0,0.0,117.0,0.0,2.2,0.0,3.44,0.0,0.0,2.82,0.0,0.0,0.0,24.08,0.0,0.0,-1.2,0.0,0,0,0,0,0,0,0,0,0,0,0,0,0,1,0,0,0,0,1,0,0,0,0,0,0,0,0,0,0,0,0,0,0,0,1.11,110
R0198,https://doi.org/10.1016/j.jpowsour.2024.234130,553,101.07,58.933,14.007,126.0,116.0,75.0,207.0,192.0,155.0,8.3,6.71,17.3,101.3,63.0,-7.0,7.0,7.0,3.0,0.0,7.0,8.0,9.0,5.0,-1.0,8.5,710.2,760.4,1402.3,-50.2,13700000.0,17200000.0,117.0,100.0,2.2,1.88,3.04,0.32,2.04,2.62,2.46,2.373333333,13.16,21.28,17.22,1694.0,-1.2,-1.3,0,0,0,0,0,0,0,0,0,0,0,0,0,1,0,0,0,0,0,0,0,1,0,0,0,0,0,0,0,0,0,0,0,0,1.05,298
R0199,https://doi.org/10.1016/j.jpowsour.2024.234130,553,101.07,0.0,14.007,126.0,0.0,75.0,207.0,0.0,155.0,8.3,0.0,17.3,101.3,0.0,-7.0,7.0,0.0,3.0,0.0,0.0,8.0,0.0,5.0,0.0,0.0,710.2,0.0,1402.3,0.0,13700000.0,0.0,117.0,0.0,2.2,0.0,3.04,0.0,0.0,2.62,0.0,0.0,0.0,21.28,0.0,0.0,-1.2,0.0,0,0,0,0,0,0,0,0,0,0,0,0,0,1,0,0,0,0,1,0,0,0,0,0,0,0,0,0,0,0,0,0,0,0,1.17,183
R0200,https://doi.org/10.1021/jacs.3c12734,554,106.42,0.0,12.011,138.0,0.0,76.0,163.0,0.0,170.0,8.85,0.0,5.29,54.0,0.0,121.8,10.0,0.0,0.0,0.0,0.0,10.0,0.0,4.0,0.0,0.0,804.4,0.0,1086.5,0.0,95000000.0,0.0,71.8,0.0,2.2,0.0,2.55,0.0,0.0,2.375,0.0,0.0,0.0,25.5,0.0,0.0,-2.0,0.0,0,0,0,0,0,0,0,0,0,0,0,0,1,0,0,0,0,0,1,0,0,0,0,0,0,0,0,0,0,0,0,0,0,0,1.12,10
