record_id,DOI,DOI_raw,data_source,Original_Compounds,Compounds(M1-M2-N),source_reference,source_title
R0001,https://doi.org/10.1016/j.electacta.2020.137645,https://doi.org/10.1016/j.electacta.2020.137645,8,Fe?O?/CeO?@CC,Fe-Ce-O,https://doi.org/10.1016/j.electacta.2020.137645,NOT AVAILABLE IN REPOSITORY
R0002,https://doi.org/10.1016/j.electacta.2020.137645,https://doi.org/10.1016/j.electacta.2020.137645,8,Fe?O?@CC,Fe-**-O,https://doi.org/10.1016/j.electacta.2020.137645,NOT AVAILABLE IN REPOSITORY
R0003,https://doi.org/10.1016/j.apcatb.2019.118283,https://doi.org/10.1016/j.apcatb.2019.118283,16,NiCo?S?/S-3DPG,Co-Ni-S,https://doi.org/10.1016/j.apcatb.2019.118283,NOT AVAILABLE IN REPOSITORY
R0004,https://doi.org/10.1016/j.ssi.2021.115773,https://doi.org/10.1016/j.ssi.2021.115773,18,RuO?/C,Ru-**-O,https://doi.org/10.1016/j.ssi.2021.115773,NOT AVAILABLE IN REPOSITORY
R0005,https://doi.org/10.1016/j.ssi.2021.115773,https://doi.org/10.1016/j.ssi.2021.115773,18,Ni??P?/C,Ni-**-P,https://doi.org/10.1016/j.ssi.2021.115773,NOT AVAILABLE IN REPOSITORY
R0006,https://doi.org/10.1016/j.jpowsour.2021.230374,https://doi.org/10.1016/j.jpowsour.2021.230374,32,α-MnO?,Mn-**-O,https://doi.org/10.1016/j.jpowsour.2021.230374,NOT AVAILABLE IN REPOSITORY
R0007,https://doi.org/10.1016/j.jallcom.2019.152736,https://doi.org/10.1016/j.jallcom.2019.152736,34,MnCo?O?@CC,Mn-Co-O,https://doi.org/10.1016/j.jallcom.2019.152736,NOT AVAILABLE IN REPOSITORY
R0008,https://doi.org/10.1016/j.jallcom.2020.153803,https://doi.org/10.1016/j.jallcom.2020.153803,36,NiO/Ti?C?,Ti-Ni-O,https://doi.org/10.1016/j.jallcom.2020.153803,NOT AVAILABLE IN REPOSITORY
R0009,https://doi.org/10.1016/j.jallcom.2020.158269,https://doi.org/10.1016/j.jallcom.2020.158269,40,FeSe,Se-Fe-O,https://doi.org/10.1016/j.jallcom.2020.158269,NOT AVAILABLE IN REPOSITORY
R0010,https://doi.org/10.1016/j.cej.2020.124294,https://doi.org/10.1016/j.cej.2020.124294,50,p-Fe?P?O? LBs,Fe-**-P,https://doi.org/10.1016/j.cej.2020.124294,NOT AVAILABLE IN REPOSITORY
R0011,https://doi.org/10.1016/j.cej.2020.124294,https://doi.org/10.1016/j.cej.2020.124294,50,p-Fe?P?O? LBs,Fe-**-P,https://doi.org/10.1016/j.cej.2020.124294,NOT AVAILABLE IN REPOSITORY
R0012,https://doi.org/10.1016/j.cej.2021.128403,https://doi.org/10.1016/j.cej.2021.128403,53,NiCo?O?@BCNNT,Co-Ni-O,https://doi.org/10.1016/j.cej.2021.128403,NOT AVAILABLE IN REPOSITORY
R0013,https://doi.org/10.1016/j.jelechem.2020.114124,http://dx.doi.org/10.1016/j.jelechem.2020.114124,58,NiFeP@NC/BC,Ni-Fe-P,https://doi.org/10.1016/j.jelechem.2020.114124,NOT AVAILABLE IN REPOSITORY
R0014,https://doi.org/10.1016/j.jechem.2020.07.053,https://doi.org/10.1016/j.jechem.2020.07.053,61,Ti?C?T?,Ti-**-C,https://doi.org/10.1016/j.jechem.2020.07.053,NOT AVAILABLE IN REPOSITORY
R0015,https://doi.org/10.1016/j.flatc.2020.100221,https://doi.org/10.1016/j.flatc.2020.100221,65,CoMoP?@NPC,Mo-Co-P,https://doi.org/10.1016/j.flatc.2020.100221,NOT AVAILABLE IN REPOSITORY
R0016,https://doi.org/10.1016/j.jallcom.2020.157945,https://doi.org/10.1016/j.jallcom.2020.157945,68,Co?O?@NiCo?O?,Co-Ni-O,https://doi.org/10.1016/j.jallcom.2020.157945,NOT AVAILABLE IN REPOSITORY
R0017,https://doi.org/10.1016/j.jallcom.2020.154054,https://doi.org/10.1016/j.jallcom.2020.154054,70,Ru@NiCo?O?/CTs,Co-Ni-O,https://doi.org/10.1016/j.jallcom.2020.154054,NOT AVAILABLE IN REPOSITORY
R0018,https://doi.org/10.1016/j.jpowsour.2020.228362,https://doi.org/10.1016/j.jpowsour.2020.228362,71,La?.?Ca?.?Fe?.?Ni?.?O?,La-Ni-O,https://doi.org/10.1016/j.jpowsour.2020.228362,NOT AVAILABLE IN REPOSITORY
R0019,https://doi.org/10.1016/j.jallcom.2020.157656,https://doi.org/10.1016/j.jallcom.2020.157656,73,CoS,Co-**-S,https://doi.org/10.1016/j.jallcom.2020.157656,NOT AVAILABLE IN REPOSITORY
R0020,https://doi.org/10.1002/aenm.202100110,https://doi.org/10.1002/aenm.202100110,82,CoFeCe-O,Co-Fe-O,https://doi.org/10.1002/aenm.202100110,NOT AVAILABLE IN REPOSITORY
R0021,https://doi.org/10.1002/anie.202110116,https://doi.org/10.1002/anie.202110116,88,LFCO,Fe-La-O,https://doi.org/10.1002/anie.202110116,NOT AVAILABLE IN REPOSITORY
R0022,https://doi.org/10.1002/anie.202110116,https://doi.org/10.1002/anie.202110116,88,LFCO,Fe-La-O,https://doi.org/10.1002/anie.202110116,NOT AVAILABLE IN REPOSITORY
R0023,https://doi.org/10.1021/acs.jpcc.1c05456,https://doi.org/10.1021/acs.jpcc.1c05456,91,RuO?/GPDC,Ru-**-O,https://doi.org/10.1021/acs.jpcc.1c05456,NOT AVAILABLE IN REPOSITORY
R0024,https://doi.org/10.1021/acs.jpcc.1c05456,https://doi.org/10.1021/acs.jpcc.1c05456,91,RuO?/GPDC,Ru-**-O,https://doi.org/10.1021/acs.jpcc.1c05456,NOT AVAILABLE IN REPOSITORY
R0025,https://doi.org/10.1021/acs.jpcc.1c05456,https://doi.org/10.1021/acs.jpcc.1c05456,91,RuO?/GPDC,Ru-**-O,https://doi.org/10.1021/acs.jpcc.1c05456,NOT AVAILABLE IN REPOSITORY
R0026,https://doi.org/10.1039/d0cc05980c,https://doi.org/10.1039/d0cc05980c,102,Co?O?/C,Co-**-O,https://doi.org/10.1039/d0cc05980c,NOT AVAILABLE IN REPOSITORY
R0027,https://doi.org/10.1039/d0nr00866d,https://doi.org/10.1039/d0nr00866d,104,Dy-BTC,Dy-**-O,https://doi.org/10.1039/d0nr00866d,NOT AVAILABLE IN REPOSITORY
R0028,https://doi.org/10.1039/d0ta09195b,https://doi.org/10.1039/d0ta09195b,113,CuCo?O?/CC,Co-Cu-O,https://doi.org/10.1039/d0ta09195b,NOT AVAILABLE IN REPOSITORY
R0029,https://doi.org/10.1039/d1ta00538c,https://doi.org/10.1039/d1ta00538c,118,RuNC/3DNG,Ru-**-N,https://doi.org/10.1039/d1ta00538c,NOT AVAILABLE IN REPOSITORY
R0030,https://doi.org/10.1039/d1ta04830a,https://doi.org/10.1039/d1ta04830a,120,Ir–Co/HP-NC/CNT,Ir-Co-N,https://doi.org/10.1039/d1ta04830a,NOT AVAILABLE IN REPOSITORY
R0031,https://doi.org/10.1002/ente.201901257,https://doi.org/10.1002/ente.201901257,123,TiO?,Ti-**-O,https://doi.org/10.1002/ente.201901257,NOT AVAILABLE IN REPOSITORY
R0032,https://doi.org/10.1002/ente.201901257,https://doi.org/10.1002/ente.201901257,123,TiO?,Ti-**-O,https://doi.org/10.1002/ente.201901257,NOT AVAILABLE IN REPOSITORY
R0033,https://doi.org/10.1021/acsaem.0c01691,https://dx.doi.org/10.1021/acsaem.0c01691,126,La?.?Mn?.?Ni?.?O??δ,La-Mn-O,https://doi.org/10.1021/acsaem.0c01691,NOT AVAILABLE IN REPOSITORY
R0034,https://doi.org/10.1021/acsnano.9b09646,https://dx.doi.org/10.1021/acsnano.9b09646,132,NiS?,Ni-**-S,https://doi.org/10.1021/acsnano.9b09646,NOT AVAILABLE IN REPOSITORY
R0035,https://doi.org/10.1021/acsami.0c02087,https://dx.doi.org/10.1021/acsami.0c02087,136,FCO NFs,Ni-Co-O,https://doi.org/10.1021/acsami.0c02087,NOT AVAILABLE IN REPOSITORY
R0036,https://doi.org/10.1002/er.7342,https://doi.org/10.1002/er.7342,137,α-MnO?/prGO,Mn-**-O,https://doi.org/10.1002/er.7342,NOT AVAILABLE IN REPOSITORY
R0037,https://doi.org/10.1002/er.6806,https://doi.org/10.1002/er.6806,138,Ag@NixAlyMnzO2,Ag-Mn-O,https://doi.org/10.1002/er.6806,NOT AVAILABLE IN REPOSITORY
R0038,https://doi.org/10.1021/acsami.1c08720,https://doi.org/10.1021/acsami.1c08720,150,RuO?-Co?O?,Co-Ru-O,https://doi.org/10.1021/acsami.1c08720,NOT AVAILABLE IN REPOSITORY
R0039,https://doi.org/10.1021/acsami.9b21904,https://dx.doi.org/10.1021/acsami.9b21904,151,LaMnO3,La-Mn-O,https://doi.org/10.1021/acsami.9b21904,NOT AVAILABLE IN REPOSITORY
R0040,https://doi.org/10.1007/s11581-021-04046-5,https://doi.org/10.1007/s11581-021-04046-5,157,NiO/Co?O?,Co-Ni-O,https://doi.org/10.1007/s11581-021-04046-5,NOT AVAILABLE IN REPOSITORY
R0041,https://doi.org/10.1007/s40242-020-0077-3,https://doi.org/10.1007/s40242-020-0077-3,161,α-MnO?-K-Li,Mn-**-O,https://doi.org/10.1007/s40242-020-0077-3,NOT AVAILABLE IN REPOSITORY
R0042,https://doi.org/10.1002/smll.202105752,https://doi.org/10.1002/smll.202105752,165,CoS?,Co-**-S,https://doi.org/10.1002/smll.202105752,NOT AVAILABLE IN REPOSITORY
R0043,https://doi.org/10.1002/smll.202105752,https://doi.org/10.1002/smll.202105752,165,MoS?,Mo-**-S,https://doi.org/10.1002/smll.202105752,NOT AVAILABLE IN REPOSITORY
R0044,https://doi.org/10.1021/acscatal.0c02608,https://dx.doi.org/10.1021/acscatal.0c02608,168,LaMnO?,La-Mn-O,https://doi.org/10.1021/acscatal.0c02608,NOT AVAILABLE IN REPOSITORY
R0045,https://doi.org/10.1021/acsaem.1c01572,https://doi.org/10.1021/acsaem.1c01572,171,Ag@La?.?Sr?.?Fe?.?Mn?.?O?,Ag-Fe-O,https://doi.org/10.1021/acsaem.1c01572,NOT AVAILABLE IN REPOSITORY
R0046,https://doi.org/10.1021/acsaem.1c01572,https://doi.org/10.1021/acsaem.1c01572,171,La?.?Sr?.?Fe?.?Mn?.?O?,Fe-La-O,https://doi.org/10.1021/acsaem.1c01572,NOT AVAILABLE IN REPOSITORY
R0047,https://doi.org/10.1002/aenm.202200791,https://doi.org/10.1002/aenm.202200791,176,SnSe2,Se-Sn-O,https://doi.org/10.1002/aenm.202200791,NOT AVAILABLE IN REPOSITORY
R0048,https://doi.org/10.1002/aenm.202103910,https://doi.org/10.1002/aenm.202103910,177,SnSe-120,Se-Sn-O,https://doi.org/10.1002/aenm.202103910,NOT AVAILABLE IN REPOSITORY
R0049,https://doi.org/10.1016/j.apcatb.2022.121844,https://doi.org/10.1016/j.apcatb.2022.121844,181,Bi2Te3,Te-Bi-O,https://doi.org/10.1016/j.apcatb.2022.121844,NOT AVAILABLE IN REPOSITORY
R0050,https://doi.org/10.1002/aenm.202203660,https://doi.org/10.1002/aenm.202203660,183,Fe2-N-C,Fe-**-N,https://doi.org/10.1002/aenm.202203660,NOT AVAILABLE IN REPOSITORY
R0051,https://doi.org/10.1016/j.ensm.2023.102874,https://doi.org/10.1016/j.ensm.2023.102874,187,Ru/Fe-CNCs,Ru-Fe-N,https://doi.org/10.1016/j.ensm.2023.102874,NOT AVAILABLE IN REPOSITORY
R0052,https://doi.org/10.1016/j.ensm.2023.102989,https://doi.org/10.1016/j.ensm.2023.102989,188,NCF3（Ni:Co:Fe=21:20:59）,Ni-Co-O,https://doi.org/10.1016/j.ensm.2023.102989,NOT AVAILABLE IN REPOSITORY
R0053,https://doi.org/10.1016/j.ensm.2022.07.026,https://doi.org/10.1016/j.ensm.2022.07.026,190,3.0%Pt-Ti3C2,Ti-Pt-C,https://doi.org/10.1016/j.ensm.2022.07.026,NOT AVAILABLE IN REPOSITORY
R0054,https://doi.org/10.1016/S1872‐2067(23)64409‐2,https://doi.org/10.1016/S1872‐2067(23)64409‐2,191,CuCoNiZnAl-T-NaOH,Ni-Co-O,https://doi.org/10.1016/S1872‐2067(23)64409‐2,NOT AVAILABLE IN REPOSITORY
R0055,https://doi.org/10.1016/S1872‐2067(23)64409‐2,https://doi.org/10.1016/S1872‐2067(23)64409‐2,191,CuCoNiZnAl-T,Ni-Co-O,https://doi.org/10.1016/S1872‐2067(23)64409‐2,NOT AVAILABLE IN REPOSITORY
R0056,https://doi.org/10.1016/j.jallcom.2023.170130,https://doi.org/10.1016/j.jallcom.2023.170130,203,Mn3O4,Mn-**-O,https://doi.org/10.1016/j.jallcom.2023.170130,NOT AVAILABLE IN REPOSITORY
R0057,https://doi.org/10.1002/smll.202205532,https://doi.org/10.1002/smll.202205532,208,Co3O4 / Fe2O3,Co-Fe-O,https://doi.org/10.1002/smll.202205532,NOT AVAILABLE IN REPOSITORY
R0058,https://doi.org/10.1016/j.electacta.2023.142096,https://doi.org/10.1016/j.electacta.2023.142096,209,Co-NC@Mo2C,Co-Mo-N,https://doi.org/10.1016/j.electacta.2023.142096,NOT AVAILABLE IN REPOSITORY
R0059,https://doi.org/10.1016/j.electacta.2022.140147,https://doi.org/10.1016/j.electacta.2022.140147,211,Co3O4/Co@NC,Co-**-N,https://doi.org/10.1016/j.electacta.2022.140147,NOT AVAILABLE IN REPOSITORY
R0060,https://doi.org/10.1021/acsami.1c22643,https://doi.org/10.1021/acsami.1c22643,214,Co/Fe@NC,Co-Fe-N,https://doi.org/10.1021/acsami.1c22643,NOT AVAILABLE IN REPOSITORY
R0061,https://doi.org/10.1016/j.jelechem.2022.116810,https://doi.org/10.1016/j.jelechem.2022.116810,217,u-Co?O?,Co-**-O,https://doi.org/10.1016/j.jelechem.2022.116810,NOT AVAILABLE IN REPOSITORY
R0062,https://doi.org/10.1002/slct.202200870,https://doi.org/10.1002/slct.202200870,225,CoNi/NC,Co-Ni-O,https://doi.org/10.1002/slct.202200870,NOT AVAILABLE IN REPOSITORY
R0063,https://doi.org/10.1002/slct.202200870,https://doi.org/10.1002/slct.202200870,225,Ni / NC,Ni-**-N,https://doi.org/10.1002/slct.202200870,NOT AVAILABLE IN REPOSITORY
R0064,https://doi.org/10.1002/slct.202200870,https://doi.org/10.1002/slct.202200870,225,Co / NC,Co-**-N,https://doi.org/10.1002/slct.202200870,NOT AVAILABLE IN REPOSITORY
R0065,https://doi.org/10.1016/j.cej.2023.146775,https://doi.org/10.1016/j.cej.2023.146775,227,In2S3 @ Bi2S3,Bi-In-S,https://doi.org/10.1016/j.cej.2023.146775,NOT AVAILABLE IN REPOSITORY
R0066,https://doi.org/10.1073/pnas.2301439120/-/DCSupplemental,https://www.pnas.org/lookup/suppl/doi:10.1073/pnas.2301439120/-/DCSupplemental.,228,Pd,Pd-**-**,https://doi.org/10.1073/pnas.2301439120/-/DCSupplemental,NOT AVAILABLE IN REPOSITORY
R0067,https://doi.org/10.3390/nano12142386,https://doi.org/10.3390/nano12142386,229,NiO/CNT,Ni-**-O,https://doi.org/10.3390/nano12142386,NOT AVAILABLE IN REPOSITORY
R0068,https://doi.org/10.1021/acsami.2c19975,https://doi.org/10.1021/acsami.2c19975,230,Se3.28%-LaCoO3,Se-Co-O,https://doi.org/10.1021/acsami.2c19975,NOT AVAILABLE IN REPOSITORY
R0069,https://doi.org/10.1021/acsami.2c19975,https://doi.org/10.1021/acsami.2c19975,230,LaCoO3,La-Co-O,https://doi.org/10.1021/acsami.2c19975,NOT AVAILABLE IN REPOSITORY
R0070,https://doi.org/10.1016/j.cej.2022.136852,https://doi.org/10.1016/j.cej.2022.136852,236,NiSA-Co3O4/CC,Co-Ni-O,https://doi.org/10.1016/j.cej.2022.136852,NOT AVAILABLE IN REPOSITORY
R0071,https://doi.org/10.1039/d2ta07061h,https://doi.org/10.1039/d2ta07061h,237,2P-NiO,Ni-**-P,https://doi.org/10.1039/d2ta07061h,NOT AVAILABLE IN REPOSITORY
R0072,https://doi.org/10.1016/j.ijhydene.2023.12.023,https://doi.org/10.1016/j.ijhydene.2023.12.023,241,CoP@DPA,Co-**-P,https://doi.org/10.1016/j.ijhydene.2023.12.023,NOT AVAILABLE IN REPOSITORY
R0073,https://doi.org/10.1016/j.jelechem.2022.116356,https://doi.org/10.1016/j.jelechem.2022.116356,247,Fe3C/N-doped carbon tubes,Fe-**-N,https://doi.org/10.1016/j.jelechem.2022.116356,NOT AVAILABLE IN REPOSITORY
R0074,https://doi.org/10.1002/smll.202204836,https://doi.org/10.1002/smll.202204836,248,Ru/N–C,Ru-**-N,https://doi.org/10.1002/smll.202204836,NOT AVAILABLE IN REPOSITORY
R0075,https://doi.org/10.1002/smll.202204836,https://doi.org/10.1002/smll.202204836,248,Co@CoNx–C,Co-**-N,https://doi.org/10.1002/smll.202204836,NOT AVAILABLE IN REPOSITORY
R0076,https://doi.org/10.1002/admi.202102110,https://doi.org/10.1002/admi.202102110,252,NiCo@NC,Co-Ni-N,https://doi.org/10.1002/admi.202102110,NOT AVAILABLE IN REPOSITORY
R0077,https://doi.org/10.1002/admi.202102110,https://doi.org/10.1002/admi.202102110,252,Ni@NC,Ni-**-N,https://doi.org/10.1002/admi.202102110,NOT AVAILABLE IN REPOSITORY
R0078,https://doi.org/10.1016/j.cej.2022.137684,https://doi.org/10.1016/j.cej.2022.137684,259,LaF3/La0.8Fe0.9Co0.1O3-δ,La-Co-O,https://doi.org/10.1016/j.cej.2022.137684,NOT AVAILABLE IN REPOSITORY
R0079,https://doi.org/10.1016/j.cej.2022.137684,https://doi.org/10.1016/j.cej.2022.137684,259,La0.8Fe0.9Co0.1O3-δ,Fe-La-O,https://doi.org/10.1016/j.cej.2022.137684,NOT AVAILABLE IN REPOSITORY
R0080,https://doi.org/10.1016/j.est.2023.107329,https://doi.org/10.1016/j.est.2023.107329,270,C@ LaSrSn2O7 NFs,Sn-La-O,https://doi.org/10.1016/j.est.2023.107329,NOT AVAILABLE IN REPOSITORY
R0081,https://doi.org/10.1021/acs.jpcc.3c01042,https://doi.org/10.1021/acs.jpcc.3c01042,281,GMS-Ru-35%,Ru-**-O,https://doi.org/10.1021/acs.jpcc.3c01042,NOT AVAILABLE IN REPOSITORY
R0082,https://doi.org/10.1021/acs.jpcc.3c01042,https://doi.org/10.1021/acs.jpcc.3c01042,281,GMS-Ru-12%,Ru-**-O,https://doi.org/10.1021/acs.jpcc.3c01042,NOT AVAILABLE IN REPOSITORY
R0083,https://doi.org/10.1021/acs.jpcc.3c01042,https://doi.org/10.1021/acs.jpcc.3c01042,281,GMS-Ru-8%,Ru-**-O,https://doi.org/10.1021/acs.jpcc.3c01042,NOT AVAILABLE IN REPOSITORY
R0084,https://doi.org/10.1021/acsami.3c01599,https://doi.org/10.1021/acsami.3c01599,283,MnOC@CC,Mn-**-O,https://doi.org/10.1021/acsami.3c01599,NOT AVAILABLE IN REPOSITORY
R0085,https://doi.org/10.1021/jacs.2c11676,https://doi.org/10.1021/jacs.2c11676,287,Ni-HTP,Ni-**-N,https://doi.org/10.1021/jacs.2c11676,NOT AVAILABLE IN REPOSITORY
R0086,https://doi.org/10.1016/j.est.2023.109342,https://doi.org/10.1016/j.est.2023.109342,288,CoP@PNCF-700,Co-**-P,https://doi.org/10.1016/j.est.2023.109342,NOT AVAILABLE IN REPOSITORY
R0087,https://doi.org/10.1016/j.est.2023.109342,https://doi.org/10.1016/j.est.2023.109342,288,CoP@PNCF-600,Co-**-P,https://doi.org/10.1016/j.est.2023.109342,NOT AVAILABLE IN REPOSITORY
R0088,https://doi.org/10.1016/j.est.2023.109342,https://doi.org/10.1016/j.est.2023.109342,288,CoP@PNCF-800,Co-**-P,https://doi.org/10.1016/j.est.2023.109342,NOT AVAILABLE IN REPOSITORY
R0089,https://doi.org/10.1016/j.jcis.2022.12.148,https://doi.org/10.1016/j.jcis.2022.12.148,290,FePc/Py/MWCNTs,Fe-**-N,https://doi.org/10.1016/j.jcis.2022.12.148,NOT AVAILABLE IN REPOSITORY
R0090,https://doi.org/10.1016/j.cej.2022.139524,https://doi.org/10.1016/j.cej.2022.139524,295,Ni-MOF,Ni-**-O,https://doi.org/10.1016/j.cej.2022.139524,NOT AVAILABLE IN REPOSITORY
R0091,https://doi.org/10.1039/d1qi01260f,https://doi.org/10.1039/d1qi01260f,296,Co3O4-HCNF,Co-**-O,https://doi.org/10.1039/d1qi01260f,NOT AVAILABLE IN REPOSITORY
R0092,https://doi.org/10.1016/j.carbon.2022.04.080,https://doi.org/10.1016/j.carbon.2022.04.080,298,FeNxCy/CNT,Fe-**-N,https://doi.org/10.1016/j.carbon.2022.04.080,NOT AVAILABLE IN REPOSITORY
R0093,https://doi.org/10.1016/j.jallcom.2022.163703,https://doi.org/10.1016/j.jallcom.2022.163703,301,NiSe2@NiO,Se-Ni-O,https://doi.org/10.1016/j.jallcom.2022.163703,NOT AVAILABLE IN REPOSITORY
R0094,https://doi.org/10.1016/j.electacta.2022.140894,https://doi.org/10.1016/j.electacta.2022.140894,304,RuO2/N-C@TMES,Ru-**-O,https://doi.org/10.1016/j.electacta.2022.140894,NOT AVAILABLE IN REPOSITORY
R0095,https://doi.org/10.1002/smll.202206611,https://doi.org/10.1002/smll.202206611,305,Ti3C2,Ti-**-C,https://doi.org/10.1002/smll.202206611,NOT AVAILABLE IN REPOSITORY
R0096,https://doi.org/10.1002/adsu.202300510,https://doi.org/10.1002/adsu.202300510,307,MnO2-Co3O4 @ CC,Co-Mn-O,https://doi.org/10.1002/adsu.202300510,NOT AVAILABLE IN REPOSITORY
R0097,https://doi.org/10.1002/adsu.202300510,https://doi.org/10.1002/adsu.202300510,307,MnO2@ CC,Mn-**-O,https://doi.org/10.1002/adsu.202300510,NOT AVAILABLE IN REPOSITORY
R0098,https://doi.org/10.1002/adsu.202300510,https://doi.org/10.1002/adsu.202300510,307,MnO2@ CC,Mn-**-O,https://doi.org/10.1002/adsu.202300510,NOT AVAILABLE IN REPOSITORY
R0099,https://doi.org/10.1021/acsami.2c19975,https://doi.org/10.1021/acsami.2c19975,311,LaCoO3,La-Co-O,https://doi.org/10.1021/acsami.2c19975,NOT AVAILABLE IN REPOSITORY
R0100,https://doi.org/10.1021/acscatal.2c02544,https://doi.org/10.1021/acscatal.2c02544,312,Mn3O4 NS/G,Mn-**-O,https://doi.org/10.1021/acscatal.2c02544,NOT AVAILABLE IN REPOSITORY
R0101,https://doi.org/10.1021/acscatal.2c02544,https://doi.org/10.1021/acscatal.2c02544,312,Mn3O4 NS/G,Mn-**-O,https://doi.org/10.1021/acscatal.2c02544,NOT AVAILABLE IN REPOSITORY
R0102,https://doi.org/10.1126/sciadv.abq6261,https://www.science.org/doi/10.1126/sciadv.abq6261,316,A-Li-RuO2,Ru-**-O,https://doi.org/10.1126/sciadv.abq6261,NOT AVAILABLE IN REPOSITORY
R0103,https://doi.org/10.1007/s12274-022-5330-2,https://doi.org/10.1007/s12274-022-5330-2,317,Co3O4,Co-**-O,https://doi.org/10.1007/s12274-022-5330-2,NOT AVAILABLE IN REPOSITORY
R0104,https://doi.org/10.1007/s12274-022-5330-2,https://doi.org/10.1007/s12274-022-5330-2,317,Ni-ZIF-280,Ni-Co-O,https://doi.org/10.1007/s12274-022-5330-2,NOT AVAILABLE IN REPOSITORY
R0105,https://doi.org/10.1007/s12274-022-5330-2,https://doi.org/10.1007/s12274-022-5330-2,317,TA-ZIF-280,Co-**-O,https://doi.org/10.1007/s12274-022-5330-2,NOT AVAILABLE IN REPOSITORY
R0106,https://doi.org/10.1007/s12274-022-5330-2,https://doi.org/10.1007/s12274-022-5330-2,317,Ni-ZIF@Ru_280,Ni-Co-O,https://doi.org/10.1007/s12274-022-5330-2,NOT AVAILABLE IN REPOSITORY
R0107,https://doi.org/10.1016/j.ensm.2023.102829,https://doi.org/10.1016/j.ensm.2023.102829,320,La0.8Sr0.2CrO4 NWs,Cr-La-O,https://doi.org/10.1016/j.ensm.2023.102829,NOT AVAILABLE IN REPOSITORY
R0108,https://doi.org/10.1016/j.cej.2022.138462,https://doi.org/10.1016/j.cej.2022.138462,322,P-E-GF(NiOx),Ni-**-O,https://doi.org/10.1016/j.cej.2022.138462,NOT AVAILABLE IN REPOSITORY
R0109,https://doi.org/10.1002/smll.202302598,https://doi.org/10.1002/smll.202302598,323,MoS2,Mo-**-S,https://doi.org/10.1002/smll.202302598,NOT AVAILABLE IN REPOSITORY
R0110,https://doi.org/10.1002/adma.202106436,https://doi.org/10.1002/adma.202106436,337,PdRuRh - Cr2O3 - carbon,Cr-Pd-O,https://doi.org/10.1002/adma.202106436,NOT AVAILABLE IN REPOSITORY
R0111,https://doi.org/10.1016/j.apcatb.2022.122203,https://doi.org/10.1016/j.apcatb.2022.122203,338,N-wdC-MS(Fe3C),Fe-**-N,https://doi.org/10.1016/j.apcatb.2022.122203,NOT AVAILABLE IN REPOSITORY
R0112,https://doi.org/10.1021/acsnano.3c05782,https://doi.org/10.1021/acsnano.3c05782,342,NiFe(OH)x,Ni-Fe-O,https://doi.org/10.1021/acsnano.3c05782,NOT AVAILABLE IN REPOSITORY
R0113,https://doi.org/10.1039/d2ta03604e,https://doi.org/10.1039/d2ta03604e,344,N-NiCoO2/CoO/CC,Co-Ni-O,https://doi.org/10.1039/d2ta03604e,NOT AVAILABLE IN REPOSITORY
R0114,https://doi.org/10.1016/j.compositesb.2022.109727,https://doi.org/10.1016/j.compositesb.2022.109727,351,CNT-RuO2,Ru-**-O,https://doi.org/10.1016/j.compositesb.2022.109727,NOT AVAILABLE IN REPOSITORY
R0115,https://doi.org/10.1016/j.ensm.2022.05.029,https://doi.org/10.1016/j.ensm.2022.05.029,352,CNT@ Ni(OH)2,Ni-**-O,https://doi.org/10.1016/j.ensm.2022.05.029,NOT AVAILABLE IN REPOSITORY
R0116,https://doi.org/10.1016/j.cej.2023.143351,https://doi.org/10.1016/j.cej.2023.143351,357,Mn-MoS2,Mo-Mn-S,https://doi.org/10.1016/j.cej.2023.143351,NOT AVAILABLE IN REPOSITORY
R0117,https://doi.org/10.1002/adfm.202209876,https://doi.org/10.1002/adfm.202209876,358,MoO2/MoP/Mo3P?,Mo-**-P,https://doi.org/10.1002/adfm.202209876,NOT AVAILABLE IN REPOSITORY
R0118,https://doi.org/10.1002/smll.202106707,https://doi.org/10.1002/smll.202106707,361,Ni2P,Ni-**-P,https://doi.org/10.1002/smll.202106707,NOT AVAILABLE IN REPOSITORY
R0119,https://doi.org/10.1021/acsaem.3c02592,https://doi.org/10.1021/acsaem.3c02592,365,CoSA-CN,Co-**-N,https://doi.org/10.1021/acsaem.3c02592,NOT AVAILABLE IN REPOSITORY
R0120,https://doi.org/10.1002/aenm.202204057,https://doi.org/10.1002/aenm.202204057,375,NiS2-CoS2@NC,Co-Ni-S,https://doi.org/10.1002/aenm.202204057,NOT AVAILABLE IN REPOSITORY
R0121,https://doi.org/10.1002/aenm.202204057,https://doi.org/10.1002/aenm.202204057,375,NiS2,Ni-**-S,https://doi.org/10.1002/aenm.202204057,NOT AVAILABLE IN REPOSITORY
R0122,https://doi.org/10.1002/aenm.202204057,https://doi.org/10.1002/aenm.202204057,375,CoS2,Co-**-S,https://doi.org/10.1002/aenm.202204057,NOT AVAILABLE IN REPOSITORY
R0123,https://doi.org/10.1021/acs.nanolett.3c03025,https://doi.org/10.1021/acs.nanolett.3c03025,379,S-Co3O4,Co-**-O,https://doi.org/10.1021/acs.nanolett.3c03025,NOT AVAILABLE IN REPOSITORY
R0124,https://doi.org/10.1021/acs.nanolett.3c03025,https://doi.org/10.1021/acs.nanolett.3c03025,379,M-Co3O4,Co-**-O,https://doi.org/10.1021/acs.nanolett.3c03025,NOT AVAILABLE IN REPOSITORY
R0125,https://doi.org/10.6023/A22050206,https://sioc-journal.cn/Jwk_hxxb/EN/10.6023/A22050206,381,Li0.30MO,Ni-Co-O,https://doi.org/10.6023/A22050206,NOT AVAILABLE IN REPOSITORY
R0126,https://doi.org/10.1016/j.jcis.2026.140244,https://doi.org/10.1016/j.jcis.2026.140244,382,ZnFe-NC/CoS2,Co-Fe-N,https://doi.org/10.1016/j.jcis.2026.140244,NOT AVAILABLE IN REPOSITORY
R0127,https://doi.org/10.1016/j.jechem.2026.01.056,https://doi.org/10.1016/j.jechem.2026.01.056,383,CoTiO,Ti-Co-O,https://doi.org/10.1016/j.jechem.2026.01.056,NOT AVAILABLE IN REPOSITORY
R0128,https://doi.org/10.1002/smll.202512953,https://doi.org/10.1002/smll.202512953,389,La0.7EDTA,La-Ni-O,https://doi.org/10.1002/smll.202512953,NOT AVAILABLE IN REPOSITORY
R0129,https://doi.org/10.1002/smll.202512953,https://doi.org/10.1002/smll.202512953,389,La0.7,La-Fe-O,https://doi.org/10.1002/smll.202512953,NOT AVAILABLE IN REPOSITORY
R0130,https://doi.org/10.1002/smll.202512953,https://doi.org/10.1002/smll.202512953,389,La1,La-Fe-O,https://doi.org/10.1002/smll.202512953,NOT AVAILABLE IN REPOSITORY
R0131,https://doi.org/10.1002/advs.202522315,https://doi.org/10.1002/advs.202522315,399,Ti3C2Tx-FePc,Ti-**-C,https://doi.org/10.1002/advs.202522315,NOT AVAILABLE IN REPOSITORY
R0132,https://doi.org/10.1016/j.electacta.2025.147671,https://doi.org/10.1016/j.electacta.2025.147671,403,NiFe-LDH/Ni?.?Fe?.?O?,Ni-Fe-O,https://doi.org/10.1016/j.electacta.2025.147671,NOT AVAILABLE IN REPOSITORY
R0133,https://doi.org/10.1021/acsaem.5c03033,https://doi.org/10.1021/acsaem.5c03033,405,Fe-MnO2/SWCNT electrode,Fe-Mn-O,https://doi.org/10.1021/acsaem.5c03033,NOT AVAILABLE IN REPOSITORY
R0134,https://doi.org/10.1021/acsanm.5c04476,https://doi.org/10.1021/acsanm.5c04476,406,CoNPs-NC,Co-**-N,https://doi.org/10.1021/acsanm.5c04476,NOT AVAILABLE IN REPOSITORY
R0135,https://doi.org/10.1021/acsanm.5c04476,https://doi.org/10.1021/acsanm.5c04476,406,MoS2,Mo-**-S,https://doi.org/10.1021/acsanm.5c04476,NOT AVAILABLE IN REPOSITORY
R0136,https://doi.org/10.1088/2631-6331/ae1925,https://doi.org/10.1088/2631-6331/ae1925,408,PCE-Nano (多孔碳),**-**-C,https://doi.org/10.1088/2631-6331/ae1925,NOT AVAILABLE IN REPOSITORY
R0137,https://doi.org/10.1002/anie.202521423,https://doi.org/10.1002/anie.202521423,410,Ru SACs/rGO,Ru-**-N,https://doi.org/10.1002/anie.202521423,NOT AVAILABLE IN REPOSITORY
R0138,https://doi.org/10.1080/1536383X.2025.2583369,https://doi.org/10.1080/1536383X.2025.2583369,414,p-r-Cr2O3/CNT,Cr-**-O,https://doi.org/10.1080/1536383X.2025.2583369,NOT AVAILABLE IN REPOSITORY
R0139,https://doi.org/10.1002/anie.202520097,https://doi.org/10.1002/anie.202520097,415,Co??-doped Li?O? under magnetic field,Co-**-O,https://doi.org/10.1002/anie.202520097,NOT AVAILABLE IN REPOSITORY
R0140,https://doi.org/10.1016/j.jcis.2025.139355,https://doi.org/10.1016/j.jcis.2025.139355,416,"Ni, Mn-Co3O4",Co-Ni-O,https://doi.org/10.1016/j.jcis.2025.139355,NOT AVAILABLE IN REPOSITORY
R0141,https://doi.org/10.1016/j.jcis.2025.139355,https://doi.org/10.1016/j.jcis.2025.139355,416,Ni-Co3O4,Co-Ni-O,https://doi.org/10.1016/j.jcis.2025.139355,NOT AVAILABLE IN REPOSITORY
R0142,https://doi.org/10.1021/acsnano.5c10218,https://doi.org/10.1021/acsnano.5c10218,423,RuCoO?@HCNs,Co-Ru-O,https://doi.org/10.1021/acsnano.5c10218,NOT AVAILABLE IN REPOSITORY
R0143,https://doi.org/10.1021/acsnano.5c10218,https://doi.org/10.1021/acsnano.5c10218,423,Co?O?@HCNs,Co-**-O,https://doi.org/10.1021/acsnano.5c10218,NOT AVAILABLE IN REPOSITORY
R0144,https://doi.org/10.1002/aoc.70327,https://doi.org/10.1002/aoc.70327,425,N-CNTs,**-**-C,https://doi.org/10.1002/aoc.70327,NOT AVAILABLE IN REPOSITORY
R0145,https://doi.org/10.1021/acs.langmuir.5c02644,https://doi.org/10.1021/acs.langmuir.5c02644,430,Co3O4@CuCo2O4,Co-Cu-O,https://doi.org/10.1021/acs.langmuir.5c02644,NOT AVAILABLE IN REPOSITORY
R0146,https://doi.org/10.1016/j.electacta.2025.146925,https://doi.org/10.1016/j.electacta.2025.146925,434,C-AB@RuO2-1,Ru-**-O,https://doi.org/10.1016/j.electacta.2025.146925,NOT AVAILABLE IN REPOSITORY
R0147,https://doi.org/10.1016/j.jcis.2025.138454,https://doi.org/10.1016/j.jcis.2025.138454,435,FeCo2O4 nanowires (with magnetic field),Co-Fe-O,https://doi.org/10.1016/j.jcis.2025.138454,NOT AVAILABLE IN REPOSITORY
R0148,https://doi.org/10.1038/s41598-025-11449-1,https://doi.org/10.1038/s41598-025-11449-1,436,Co3O4/RuO2,Co-Ru-O,https://doi.org/10.1038/s41598-025-11449-1,NOT AVAILABLE IN REPOSITORY
R0149,https://doi.org/10.1002/anie.202509132,https://doi.org/10.1002/anie.202509132,437,LB-HEO（Cr、Mn、Co、Ni、Zn、O）,Co-Ni-O,https://doi.org/10.1002/anie.202509132,NOT AVAILABLE IN REPOSITORY
R0150,https://doi.org/10.1016/j.jpowsour.2025.237653,https://doi.org/10.1016/j.jpowsour.2025.237653,441,3DOH-Co@NC（钴纳米颗粒嵌入氮掺杂碳）,Co-**-N,https://doi.org/10.1016/j.jpowsour.2025.237653,NOT AVAILABLE IN REPOSITORY
R0151,https://doi.org/10.1021/acs.iecr.5c01518,https://doi.org/10.1021/acs.iecr.5c01518,442,C/MoS2-FeS-MoC,Mo-Fe-S,https://doi.org/10.1021/acs.iecr.5c01518,NOT AVAILABLE IN REPOSITORY
R0152,https://doi.org/10.1021/acs.iecr.5c01518,https://doi.org/10.1021/acs.iecr.5c01518,442,C/MoS2,Mo-**-S,https://doi.org/10.1021/acs.iecr.5c01518,NOT AVAILABLE IN REPOSITORY
R0153,https://doi.org/10.1016/j.carbon.2025.120482,https://doi.org/10.1016/j.carbon.2025.120482,447,RPC@700,Ru-**-N,https://doi.org/10.1016/j.carbon.2025.120482,NOT AVAILABLE IN REPOSITORY
R0154,https://doi.org/10.1093/nsr/nwaf145,https://doi.org/10.1093/nsr/nwaf145,450,Co-l-TCNTs（Co、C、O）,Co-**-O,https://doi.org/10.1093/nsr/nwaf145,NOT AVAILABLE IN REPOSITORY
R0155,https://doi.org/10.1016/j.jcis.2025.137782,https://doi.org/10.1016/j.jcis.2025.137782,452,LCMF （C）,**-**-C,https://doi.org/10.1016/j.jcis.2025.137782,NOT AVAILABLE IN REPOSITORY
R0156,https://doi.org/10.1016/j.cej.2025.162908,https://doi.org/10.1016/j.cej.2025.162908,457,P-NiCo2S4（P掺杂）,Co-Ni-P,https://doi.org/10.1016/j.cej.2025.162908,NOT AVAILABLE IN REPOSITORY
R0157,https://doi.org/10.1016/j.cej.2025.162908,https://doi.org/10.1016/j.cej.2025.162908,457,NiCo2S4,Co-Ni-S,https://doi.org/10.1016/j.cej.2025.162908,NOT AVAILABLE IN REPOSITORY
R0158,https://doi.org/10.1016/j.cej.2025.162908,https://doi.org/10.1016/j.cej.2025.162908,457,P-NiCo2S4,Co-Ni-P,https://doi.org/10.1016/j.cej.2025.162908,NOT AVAILABLE IN REPOSITORY
R0159,https://doi.org/10.1016/j.cej.2025.162420,https://doi.org/10.1016/j.cej.2025.162420,458,Pt?-Co?O?,Co-Pt-O,https://doi.org/10.1016/j.cej.2025.162420,NOT AVAILABLE IN REPOSITORY
R0160,https://doi.org/10.1039/d5nr00300h,https://doi.org/10.1039/d5nr00300h,459,PtFeCoNiCu@rGO,Co-Ni-O,https://doi.org/10.1039/d5nr00300h,NOT AVAILABLE IN REPOSITORY
R0161,https://doi.org/10.1039/d5nr00300h,https://doi.org/10.1039/d5nr00300h,459,SP,**-**-C,https://doi.org/10.1039/d5nr00300h,NOT AVAILABLE IN REPOSITORY
R0162,https://doi.org/10.1021/jacs.4c15230,https://doi.org/10.1021/jacs.4c15230,463,RuO? catalyst (without TBPA),Ru-**-O,https://doi.org/10.1021/jacs.4c15230,NOT AVAILABLE IN REPOSITORY
R0163,https://doi.org/10.1002/celc.202400626,https://doi.org/10.1002/celc.202400626,470,K3T1 (KB:MWCNTs= 3:1),**-**-C,https://doi.org/10.1002/celc.202400626,NOT AVAILABLE IN REPOSITORY
R0164,https://doi.org/10.1016/j.esci.2024.100310,https://doi.org/10.1016/j.esci.2024.100310,477,Ni2-N/rGO,Ni-**-N,https://doi.org/10.1016/j.esci.2024.100310,NOT AVAILABLE IN REPOSITORY
R0165,https://doi.org/10.1016/j.esci.2024.100310,https://doi.org/10.1016/j.esci.2024.100310,477,Ni2-N/rGO,Ni-**-N,https://doi.org/10.1016/j.esci.2024.100310,NOT AVAILABLE IN REPOSITORY
R0166,https://doi.org/10.1002/smll.202406516,https://doi.org/10.1002/smll.202406516,478,Pt/C+RuO2,Ru-**-O,https://doi.org/10.1002/smll.202406516,NOT AVAILABLE IN REPOSITORY
R0167,https://doi.org/10.1002/anie.202418893,https://doi.org/10.1002/anie.202418893,483,Fe/N/C,Fe-**-N,https://doi.org/10.1002/anie.202418893,NOT AVAILABLE IN REPOSITORY
R0168,https://doi.org/10.1016/j.electacta.2024.145384,https://doi.org/10.1016/j.electacta.2024.145384,489,CoFe-LDH(CoFeO),Co-Fe-O,https://doi.org/10.1016/j.electacta.2024.145384,NOT AVAILABLE IN REPOSITORY
R0169,https://doi.org/10.1007/s10008-024-06115-x,https://doi.org/10.1007/s10008-024-06115-x,494,Fe2O3,Fe-**-O,https://doi.org/10.1007/s10008-024-06115-x,NOT AVAILABLE IN REPOSITORY
R0170,https://doi.org/10.1002/aenm.202402925,https://doi.org/10.1002/aenm.202402925,495,L0.80FCCO,La-Fe-O,https://doi.org/10.1002/aenm.202402925,NOT AVAILABLE IN REPOSITORY
R0171,https://doi.org/10.1002/aenm.202402925,https://doi.org/10.1002/aenm.202402925,495,L0.75FCCO,Fe-La-O,https://doi.org/10.1002/aenm.202402925,NOT AVAILABLE IN REPOSITORY
R0172,https://doi.org/10.1002/aenm.202402925,https://doi.org/10.1002/aenm.202402925,495,L0.70FCCO,Fe-La-O,https://doi.org/10.1002/aenm.202402925,NOT AVAILABLE IN REPOSITORY
R0173,https://doi.org/10.1021/acs.energyfuels.4c04356,https://doi.org/10.1021/acs.energyfuels.4c04356,498,RuO2@Co3O4,Co-Ru-O,https://doi.org/10.1021/acs.energyfuels.4c04356,NOT AVAILABLE IN REPOSITORY
R0174,https://doi.org/10.1002/smll.202406525,https://doi.org/10.1002/smll.202406525,502,MnO,Mn-**-O,https://doi.org/10.1002/smll.202406525,NOT AVAILABLE IN REPOSITORY
R0175,https://doi.org/10.1016/j.jpowsour.2024.235394,https://doi.org/10.1016/j.jpowsour.2024.235394,507,Ru@ZIF-67-280,Co-Ru-N,https://doi.org/10.1016/j.jpowsour.2024.235394,NOT AVAILABLE IN REPOSITORY
R0176,https://doi.org/10.1016/j.jpowsour.2024.235394,https://doi.org/10.1016/j.jpowsour.2024.235394,507,ZIF-67-280,Co-**-N,https://doi.org/10.1016/j.jpowsour.2024.235394,NOT AVAILABLE IN REPOSITORY
R0177,https://doi.org/10.1002/cey2.587,https://doi.org/10.1002/cey2.587,508,FePc ,Fe-**-N,https://doi.org/10.1002/cey2.587,NOT AVAILABLE IN REPOSITORY
R0178,https://doi.org/10.1002/cey2.550,https://doi.org/10.1002/cey2.550,509,P-LSCr NWs (La0.8Sr0.2CrO3),Cr-V-O,https://doi.org/10.1002/cey2.550,NOT AVAILABLE IN REPOSITORY
R0179,https://doi.org/10.1039/d4sc03242j,https://doi.org/10.1039/d4sc03242j,517,RuO?,Ru-**-O,https://doi.org/10.1039/d4sc03242j,NOT AVAILABLE IN REPOSITORY
R0180,https://doi.org/10.1016/j.est.2024.112780,https://doi.org/10.1016/j.est.2024.112780,519,NiCoP@PNCF,Ni-Co-P,https://doi.org/10.1016/j.est.2024.112780,NOT AVAILABLE IN REPOSITORY
R0181,https://doi.org/10.1016/j.est.2024.112780,https://doi.org/10.1016/j.est.2024.112780,519,CoP@PNCF,Co-**-P,https://doi.org/10.1016/j.est.2024.112780,NOT AVAILABLE IN REPOSITORY
R0182,https://doi.org/10.1016/j.jcis.2024.06.137,https://doi.org/10.1016/j.jcis.2024.06.137,522,NiS/MoS2,Mo-Ni-S,https://doi.org/10.1016/j.jcis.2024.06.137,NOT AVAILABLE IN REPOSITORY
R0183,https://doi.org/10.1016/j.jcis.2024.06.137,https://doi.org/10.1016/j.jcis.2024.06.137,522,NiS,Ni-**-S,https://doi.org/10.1016/j.jcis.2024.06.137,NOT AVAILABLE IN REPOSITORY
R0184,https://doi.org/10.1016/j.jcis.2024.06.137,https://doi.org/10.1016/j.jcis.2024.06.137,522,NiS,Ni-**-S,https://doi.org/10.1016/j.jcis.2024.06.137,NOT AVAILABLE IN REPOSITORY
R0185,https://doi.org/10.1002/adma.202404319,https://doi.org/10.1002/adma.202404319,523,CoNiO2-xFx/CC,Co-Ni-F,https://doi.org/10.1002/adma.202404319,NOT AVAILABLE IN REPOSITORY
R0186,https://doi.org/10.1002/adma.202405440,https://doi.org/10.1002/adma.202405440,525,Fe-TCPP,Fe-**-O,https://doi.org/10.1002/adma.202405440,NOT AVAILABLE IN REPOSITORY
R0187,https://doi.org/10.1016/j.mtener.2024.101597,https://doi.org/10.1016/j.mtener.2024.101597,526,CoP,Co-**-P,https://doi.org/10.1016/j.mtener.2024.101597,NOT AVAILABLE IN REPOSITORY
R0188,https://doi.org/10.1016/j.jcis.2024.05.144,https://doi.org/10.1016/j.jcis.2024.05.144,528,CoMnO-700,Mn-Co-O,https://doi.org/10.1016/j.jcis.2024.05.144,NOT AVAILABLE IN REPOSITORY
R0189,https://doi.org/10.1016/j.ijoes.2024.100602,https://doi.org/10.1016/j.ijoes.2024.100602,532,Ru@CNS/CNT,Ru-**-N,https://doi.org/10.1016/j.ijoes.2024.100602,NOT AVAILABLE IN REPOSITORY
R0190,https://doi.org/10.1016/j.jechem.2024.01.076,https://doi.org/10.1016/j.jechem.2024.01.076,540,MoS2,Mo-**-S,https://doi.org/10.1016/j.jechem.2024.01.076,NOT AVAILABLE IN REPOSITORY
R0191,https://doi.org/10.1016/j.jechem.2024.01.076,https://doi.org/10.1016/j.jechem.2024.01.076,540,MoS2,Mo-**-S,https://doi.org/10.1016/j.jechem.2024.01.076,NOT AVAILABLE IN REPOSITORY
R0192,https://doi.org/10.1016/j.jechem.2024.01.076,https://doi.org/10.1016/j.jechem.2024.01.076,540,MnS/MoS2,Mn-Mo-S,https://doi.org/10.1016/j.jechem.2024.01.076,NOT AVAILABLE IN REPOSITORY
R0193,https://doi.org/10.1002/aenm.202303766,https://doi.org/10.1002/aenm.202303766,543,NC/Co3Ru-NDs (with bare Li anode),Co-Ru-N,https://doi.org/10.1002/aenm.202303766,NOT AVAILABLE IN REPOSITORY
R0194,https://doi.org/10.1002/smtd.202301728,https://doi.org/10.1002/smtd.202301728,545,MMONF-11%,Cr-Ni-O,https://doi.org/10.1002/smtd.202301728,NOT AVAILABLE IN REPOSITORY
R0195,https://doi.org/10.1002/smtd.202301728,https://doi.org/10.1002/smtd.202301728,545,MMONF-50%,Cr-Ni-O,https://doi.org/10.1002/smtd.202301728,NOT AVAILABLE IN REPOSITORY
R0196,https://doi.org/10.1016/j.mtcomm.2024.108243,https://doi.org/10.1016/j.mtcomm.2024.108243,547,h-MoO3/NiCo2O4,Co-Ni-O,https://doi.org/10.1016/j.mtcomm.2024.108243,NOT AVAILABLE IN REPOSITORY
R0197,https://doi.org/10.1016/j.jallcom.2024.173877,https://doi.org/10.1016/j.jallcom.2024.173877,549,RuO2,Ru-**-O,https://doi.org/10.1016/j.jallcom.2024.173877,NOT AVAILABLE IN REPOSITORY
R0198,https://doi.org/10.1016/j.jpowsour.2024.234130,https://doi.org/10.1016/j.jpowsour.2024.234130,553,RuCo-NC,Ru-Co-N,https://doi.org/10.1016/j.jpowsour.2024.234130,NOT AVAILABLE IN REPOSITORY
R0199,https://doi.org/10.1016/j.jpowsour.2024.234130,https://doi.org/10.1016/j.jpowsour.2024.234130,553,Ru-NC,Ru-**-N,https://doi.org/10.1016/j.jpowsour.2024.234130,NOT AVAILABLE IN REPOSITORY
R0200,https://doi.org/10.1021/jacs.3c12734,https://doi.org/10.1021/jacs.3c12734,554,Pt1Pd/C,Pd-**-C,https://doi.org/10.1021/jacs.3c12734,NOT AVAILABLE IN REPOSITORY
